direction,token,train_freq,train_pct,dev_freq,dev_pct,devtest_freq,devtest_pct
ar-en/ar,في,20342,3.6447,1086,3.4133,542,3.412
ar-en/ar,من,13697,2.4541,661,2.0775,328,2.0648
ar-en/ar,على,9197,1.6478,545,1.7129,272,1.7123
ar-en/ar,إلى,6896,1.2355,469,1.4741,230,1.4479
ar-en/ar,أن,6255,1.1207,468,1.4709,229,1.4416
ar-en/ar,مع,2970,0.5321,152,0.4777,78,0.491
ar-en/ar,التي,2860,0.5124,143,0.4494,74,0.4658
ar-en/ar,عن,2849,0.5105,152,0.4777,76,0.4784
ar-en/ar,ما,2435,0.4363,149,0.4683,63,0.3966
ar-en/ar,هذه,1957,0.3506,101,0.3174,47,0.2959
ar-en/ar,أو,1944,0.3483,92,0.2892,50,0.3148
ar-en/ar,هذا,1848,0.3311,88,0.2766,33,0.2077
ar-en/ar,لا,1833,0.3284,57,0.1791,28,0.1763
ar-en/ar,الذي,1538,0.2756,94,0.2954,34,0.214
ar-en/ar,بعد,1536,0.2752,92,0.2892,34,0.214
ar-en/ar,خلال,1466,0.2627,118,0.3709,54,0.3399
ar-en/ar,بين,1452,0.2602,72,0.2263,35,0.2203
ar-en/ar,عام,1309,0.2345,42,0.132,39,0.2455
ar-en/ar,كما,1254,0.2247,104,0.3269,60,0.3777
ar-en/ar,،,1123,0.2012,2,0.0063,1,0.0063
ar-en/ar,غير,1090,0.1953,47,0.1477,39,0.2455
ar-en/ar,حيث,1075,0.1926,59,0.1854,17,0.107
ar-en/ar,لم,1064,0.1906,64,0.2012,18,0.1133
ar-en/ar,كان,1049,0.1879,42,0.132,21,0.1322
ar-en/ar,إن,971,0.174,58,0.1823,26,0.1637
ar-en/ar,أكثر,947,0.1697,48,0.1509,18,0.1133
ar-en/ar,قد,923,0.1654,58,0.1823,26,0.1637
ar-en/ar,ذلك,892,0.1598,34,0.1069,22,0.1385
ar-en/ar,مثل,831,0.1489,52,0.1634,18,0.1133
ar-en/ar,كانت,825,0.1478,36,0.1131,9,0.0567
ar-en/ar,قبل,820,0.1469,43,0.1351,17,0.107
ar-en/ar,بشكل,795,0.1424,58,0.1823,28,0.1763
ar-en/ar,عبر,735,0.1317,42,0.132,23,0.1448
ar-en/ar,منذ,728,0.1304,43,0.1351,12,0.0755
ar-en/ar,المتحدة,711,0.1274,26,0.0817,16,0.1007
ar-en/ar,أي,707,0.1267,43,0.1351,10,0.063
ar-en/ar,حتى,701,0.1256,24,0.0754,18,0.1133
ar-en/ar,لكن,693,0.1242,46,0.1446,21,0.1322
ar-en/ar,هو,673,0.1206,26,0.0817,15,0.0944
ar-en/ar,أنه,665,0.1191,57,0.1791,27,0.17
ar-en/ar,نحو,660,0.1183,49,0.154,43,0.2707
ar-en/ar,كل,658,0.1179,18,0.0566,22,0.1385
ar-en/ar,العام,656,0.1175,57,0.1791,36,0.2266
ar-en/ar,الرئيس,636,0.114,50,0.1571,34,0.214
ar-en/ar,مما,635,0.1138,29,0.0911,14,0.0881
ar-en/ar,اليوم,626,0.1122,46,0.1446,28,0.1763
ar-en/ar,مليون,593,0.1062,47,0.1477,17,0.107
ar-en/ar,بل,572,0.1025,31,0.0974,17,0.107
ar-en/ar,ذلك،,558,0.1,26,0.0817,10,0.063
ar-en/ar,وفي,558,0.1,24,0.0754,17,0.107
ar-en/ar,.,554,0.0993,1,0.0031,0,0.0
ar-en/ar,وقال,541,0.0969,43,0.1351,24,0.1511
ar-en/ar,مليار,541,0.0969,76,0.2389,43,0.2707
ar-en/ar,بما,534,0.0957,27,0.0849,28,0.1763
ar-en/ar,وهو,531,0.0951,42,0.132,12,0.0755
ar-en/ar,يوم,527,0.0944,31,0.0974,10,0.063
ar-en/ar,حول,515,0.0923,30,0.0943,11,0.0692
ar-en/ar,بعض,507,0.0908,31,0.0974,14,0.0881
ar-en/ar,دون,490,0.0878,27,0.0849,18,0.1133
ar-en/ar,ترامب,487,0.0873,47,0.1477,20,0.1259
ar-en/ar,الولايات,482,0.0864,32,0.1006,9,0.0567
ar-en/ar,يمكن,482,0.0864,20,0.0629,9,0.0567
ar-en/ar,الحكومة,479,0.0858,29,0.0911,21,0.1322
ar-en/ar,شركة,460,0.0824,65,0.2043,12,0.0755
ar-en/ar,الذين,448,0.0803,17,0.0534,1,0.0063
ar-en/ar,تم,442,0.0792,11,0.0346,5,0.0315
ar-en/ar,دولار,442,0.0792,30,0.0943,16,0.1007
ar-en/ar,بينما,439,0.0787,30,0.0943,14,0.0881
ar-en/ar,رئيس,437,0.0783,33,0.1037,17,0.107
ar-en/ar,عندما,436,0.0781,8,0.0251,6,0.0378
ar-en/ar,بنسبة,435,0.0779,53,0.1666,25,0.1574
ar-en/ar,مجلس,433,0.0776,31,0.0974,11,0.0692
ar-en/ar,إسرائيل,421,0.0754,14,0.044,25,0.1574
ar-en/ar,إذ,417,0.0747,24,0.0754,30,0.1889
ar-en/ar,هي,413,0.074,22,0.0691,6,0.0378
ar-en/ar,عند,408,0.0731,37,0.1163,9,0.0567
ar-en/ar,و,403,0.0722,1,0.0031,0,0.0
ar-en/ar,إلا,402,0.072,20,0.0629,14,0.0881
ar-en/ar,فإن,401,0.0718,14,0.044,9,0.0567
ar-en/ar,إذا,399,0.0715,18,0.0566,6,0.0378
ar-en/ar,بسبب,399,0.0715,22,0.0691,6,0.0378
ar-en/ar,الشركة,397,0.0711,44,0.1383,11,0.0692
ar-en/ar,جميع,396,0.071,18,0.0566,11,0.0692
ar-en/ar,أنها,396,0.071,35,0.11,15,0.0944
ar-en/ar,فيما,395,0.0708,37,0.1163,18,0.1133
ar-en/ar,ألف,395,0.0708,23,0.0723,6,0.0378
ar-en/ar,أيضًا,387,0.0693,7,0.022,5,0.0315
ar-en/ar,الذكاء,381,0.0683,13,0.0409,8,0.0504
ar-en/ar,–,381,0.0683,8,0.0251,6,0.0378
ar-en/ar,الأميركي,376,0.0674,40,0.1257,17,0.107
ar-en/ar,عدد,371,0.0665,17,0.0534,16,0.1007
ar-en/ar,السعودية,371,0.0665,17,0.0534,49,0.3085
ar-en/ar,قال,368,0.0659,18,0.0566,10,0.063
ar-en/ar,تلك,356,0.0638,13,0.0409,15,0.0944
ar-en/ar,هناك,353,0.0632,10,0.0314,7,0.0441
ar-en/ar,وفق,346,0.062,47,0.1477,11,0.0692
ar-en/ar,ومن,344,0.0616,17,0.0534,8,0.0504
ar-en/ar,أمام,339,0.0607,22,0.0691,24,0.1511
ar-en/ar,وهي,338,0.0606,12,0.0377,5,0.0315
ar-en/ar,الاصطناعي,337,0.0604,11,0.0346,6,0.0378
ar-en/en,the,38876,5.7951,2553,6.4244,1261,6.431
ar-en/en,of,19410,2.8934,1133,2.8511,545,2.7795
ar-en/en,to,17682,2.6358,1085,2.7303,577,2.9427
ar-en/en,and,17490,2.6072,833,2.0962,513,2.6163
ar-en/en,in,13065,1.9475,732,1.842,330,1.683
ar-en/en,a,11887,1.7719,652,1.6407,312,1.5912
ar-en/en,that,7630,1.1374,549,1.3815,227,1.1577
ar-en/en,for,6442,0.9603,384,0.9663,223,1.1373
ar-en/en,The,5364,0.7996,373,0.9386,200,1.02
ar-en/en,on,4806,0.7164,289,0.7272,142,0.7242
ar-en/en,is,4527,0.6748,243,0.6115,118,0.6018
ar-en/en,by,4402,0.6562,328,0.8254,168,0.8568
ar-en/en,with,4315,0.6432,216,0.5435,96,0.4896
ar-en/en,from,3854,0.5745,231,0.5813,130,0.663
ar-en/en,as,3618,0.5393,213,0.536,83,0.4233
ar-en/en,their,3140,0.4681,189,0.4756,116,0.5916
ar-en/en,has,3034,0.4523,203,0.5108,102,0.5202
ar-en/en,its,2888,0.4305,218,0.5486,94,0.4794
ar-en/en,at,2771,0.4131,203,0.5108,83,0.4233
ar-en/en,was,2594,0.3867,154,0.3875,50,0.255
ar-en/en,this,2336,0.3482,169,0.4253,55,0.2805
ar-en/en,have,2250,0.3354,111,0.2793,63,0.3213
ar-en/en,are,2246,0.3348,104,0.2617,44,0.2244
ar-en/en,In,2242,0.3342,145,0.3649,77,0.3927
ar-en/en,an,2078,0.3098,106,0.2667,43,0.2193
ar-en/en,which,2004,0.2987,158,0.3976,66,0.3366
ar-en/en,his,1906,0.2841,121,0.3045,96,0.4896
ar-en/en,it,1796,0.2677,104,0.2617,44,0.2244
ar-en/en,or,1778,0.265,99,0.2491,41,0.2091
ar-en/en,not,1746,0.2603,90,0.2265,31,0.1581
ar-en/en,This,1590,0.237,110,0.2768,45,0.2295
ar-en/en,be,1532,0.2284,75,0.1887,24,0.1224
ar-en/en,will,1508,0.2248,113,0.2844,54,0.2754
ar-en/en,who,1466,0.2185,61,0.1535,30,0.153
ar-en/en,they,1415,0.2109,78,0.1963,47,0.2397
ar-en/en,over,1370,0.2042,104,0.2617,57,0.2907
ar-en/en,been,1329,0.1981,71,0.1787,33,0.1683
ar-en/en,he,1308,0.195,84,0.2114,49,0.2499
ar-en/en,also,1264,0.1884,68,0.1711,31,0.1581
ar-en/en,were,1211,0.1805,61,0.1535,14,0.0714
ar-en/en,I,1177,0.1755,14,0.0352,13,0.0663
ar-en/en,",",1174,0.175,0,0.0,0,0.0
ar-en/en,these,1125,0.1677,58,0.146,34,0.1734
ar-en/en,significant,1104,0.1646,86,0.2164,49,0.2499
ar-en/en,but,1070,0.1595,39,0.0981,23,0.1173
ar-en/en,during,1037,0.1546,74,0.1862,38,0.1938
ar-en/en,about,978,0.1458,38,0.0956,20,0.102
ar-en/en,more,963,0.1436,40,0.1007,29,0.1479
ar-en/en,against,958,0.1428,51,0.1283,33,0.1683
ar-en/en,into,933,0.1391,44,0.1107,20,0.102
ar-en/en,through,920,0.1371,60,0.151,41,0.2091
ar-en/en,one,918,0.1368,53,0.1334,15,0.0765
ar-en/en,such,907,0.1352,53,0.1334,18,0.0918
ar-en/en,between,894,0.1333,49,0.1233,27,0.1377
ar-en/en,while,860,0.1282,75,0.1887,44,0.2244
ar-en/en,new,855,0.1275,48,0.1208,16,0.0816
ar-en/en,within,854,0.1273,65,0.1636,22,0.1122
ar-en/en,President,853,0.1272,67,0.1686,40,0.204
ar-en/en,According,819,0.1221,55,0.1384,32,0.1632
ar-en/en,both,801,0.1194,47,0.1183,37,0.1887
ar-en/en,would,793,0.1182,52,0.1309,26,0.1326
ar-en/en,where,790,0.1178,36,0.0906,10,0.051
ar-en/en,Saudi,782,0.1166,38,0.0956,80,0.408
ar-en/en,can,757,0.1128,29,0.073,18,0.0918
ar-en/en,—,757,0.1128,0,0.0,0,0.0
ar-en/en,He,738,0.11,43,0.1082,35,0.1785
ar-en/en,all,736,0.1097,39,0.0981,28,0.1428
ar-en/en,had,735,0.1096,31,0.078,11,0.0561
ar-en/en,according,724,0.1079,64,0.1611,31,0.1581
ar-en/en,due,722,0.1076,85,0.2139,20,0.102
ar-en/en,when,714,0.1064,44,0.1107,13,0.0663
ar-en/en,than,713,0.1063,39,0.0981,9,0.0459
ar-en/en,two,700,0.1043,53,0.1334,19,0.0969
ar-en/en,like,693,0.1033,46,0.1158,16,0.0816
ar-en/en,following,692,0.1032,50,0.1258,15,0.0765
ar-en/en,government,676,0.1008,53,0.1334,25,0.1275
ar-en/en,stated,674,0.1005,68,0.1711,31,0.1581
ar-en/en,her,671,0.1,30,0.0755,7,0.0357
ar-en/en,those,670,0.0999,38,0.0956,12,0.0612
ar-en/en,United,657,0.0979,43,0.1082,21,0.1071
ar-en/en,there,648,0.0966,49,0.1233,14,0.0714
ar-en/en,other,645,0.0961,31,0.078,10,0.051
ar-en/en,"However,",631,0.0941,52,0.1309,12,0.0612
ar-en/en,including,629,0.0938,41,0.1032,24,0.1224
ar-en/en,first,625,0.0932,37,0.0931,22,0.1122
ar-en/en,could,625,0.0932,49,0.1233,13,0.0663
ar-en/en,people,609,0.0908,12,0.0302,8,0.0408
ar-en/en,global,609,0.0908,47,0.1183,27,0.1377
ar-en/en,international,607,0.0905,47,0.1183,27,0.1377
ar-en/en,we,601,0.0896,15,0.0377,11,0.0561
ar-en/en,any,595,0.0887,44,0.1107,20,0.102
ar-en/en,As,592,0.0882,46,0.1158,35,0.1785
ar-en/en,emphasized,585,0.0872,62,0.156,36,0.1836
ar-en/en,them,579,0.0863,26,0.0654,22,0.1122
ar-en/en,million,578,0.0862,42,0.1057,13,0.0663
ar-en/en,US,577,0.086,53,0.1334,17,0.0867
ar-en/en,most,575,0.0857,35,0.0881,10,0.051
ar-en/en,after,572,0.0853,26,0.0654,9,0.0459
ar-en/en,approximately,571,0.0851,61,0.1535,29,0.1479
ar-en/en,just,568,0.0847,31,0.078,11,0.0561
ar-hi/ar,في,19510,3.6162,1086,3.4133,542,3.412
ar-hi/ar,من,13130,2.4336,661,2.0775,328,2.0648
ar-hi/ar,على,8894,1.6485,545,1.7129,272,1.7123
ar-hi/ar,إلى,6693,1.2405,469,1.4741,230,1.4479
ar-hi/ar,أن,6134,1.1369,468,1.4709,229,1.4416
ar-hi/ar,مع,2845,0.5273,152,0.4777,78,0.491
ar-hi/ar,عن,2763,0.5121,152,0.4777,76,0.4784
ar-hi/ar,التي,2740,0.5079,143,0.4494,74,0.4658
ar-hi/ar,ما,2373,0.4398,149,0.4683,63,0.3966
ar-hi/ar,هذه,1886,0.3496,101,0.3174,47,0.2959
ar-hi/ar,أو,1882,0.3488,92,0.2892,50,0.3148
ar-hi/ar,هذا,1783,0.3305,88,0.2766,33,0.2077
ar-hi/ar,لا,1782,0.3303,57,0.1791,28,0.1763
ar-hi/ar,بعد,1495,0.2771,92,0.2892,34,0.214
ar-hi/ar,الذي,1471,0.2726,94,0.2954,34,0.214
ar-hi/ar,خلال,1420,0.2632,118,0.3709,54,0.3399
ar-hi/ar,بين,1406,0.2606,72,0.2263,35,0.2203
ar-hi/ar,عام,1252,0.2321,42,0.132,39,0.2455
ar-hi/ar,كما,1207,0.2237,104,0.3269,60,0.3777
ar-hi/ar,غير,1052,0.195,47,0.1477,39,0.2455
ar-hi/ar,حيث,1036,0.192,59,0.1854,17,0.107
ar-hi/ar,لم,1016,0.1883,64,0.2012,18,0.1133
ar-hi/ar,،,1016,0.1883,2,0.0063,1,0.0063
ar-hi/ar,كان,1001,0.1855,42,0.132,21,0.1322
ar-hi/ar,إن,951,0.1763,58,0.1823,26,0.1637
ar-hi/ar,أكثر,901,0.167,48,0.1509,18,0.1133
ar-hi/ar,قد,899,0.1666,58,0.1823,26,0.1637
ar-hi/ar,ذلك,849,0.1574,34,0.1069,22,0.1385
ar-hi/ar,مثل,790,0.1464,52,0.1634,18,0.1133
ar-hi/ar,قبل,790,0.1464,43,0.1351,17,0.107
ar-hi/ar,كانت,787,0.1459,36,0.1131,9,0.0567
ar-hi/ar,بشكل,758,0.1405,58,0.1823,28,0.1763
ar-hi/ar,عبر,728,0.1349,42,0.132,23,0.1448
ar-hi/ar,المتحدة,707,0.131,26,0.0817,16,0.1007
ar-hi/ar,منذ,698,0.1294,43,0.1351,12,0.0755
ar-hi/ar,أي,689,0.1277,43,0.1351,10,0.063
ar-hi/ar,لكن,670,0.1242,46,0.1446,21,0.1322
ar-hi/ar,حتى,660,0.1223,24,0.0754,18,0.1133
ar-hi/ar,نحو,653,0.121,49,0.154,43,0.2707
ar-hi/ar,هو,646,0.1197,26,0.0817,15,0.0944
ar-hi/ar,أنه,645,0.1196,57,0.1791,27,0.17
ar-hi/ar,العام,641,0.1188,57,0.1791,36,0.2266
ar-hi/ar,الرئيس,626,0.116,50,0.1571,34,0.214
ar-hi/ar,كل,626,0.116,18,0.0566,22,0.1385
ar-hi/ar,اليوم,619,0.1147,46,0.1446,28,0.1763
ar-hi/ar,مما,609,0.1129,29,0.0911,14,0.0881
ar-hi/ar,مليون,568,0.1053,47,0.1477,17,0.107
ar-hi/ar,بل,566,0.1049,31,0.0974,17,0.107
ar-hi/ar,وفي,553,0.1025,24,0.0754,17,0.107
ar-hi/ar,وقال,539,0.0999,43,0.1351,24,0.1511
ar-hi/ar,مليار,538,0.0997,76,0.2389,43,0.2707
ar-hi/ar,يوم,522,0.0968,31,0.0974,10,0.063
ar-hi/ar,وهو,522,0.0968,42,0.132,12,0.0755
ar-hi/ar,بما,522,0.0968,27,0.0849,28,0.1763
ar-hi/ar,ذلك،,517,0.0958,26,0.0817,10,0.063
ar-hi/ar,.,508,0.0942,1,0.0031,0,0.0
ar-hi/ar,بعض,495,0.0917,31,0.0974,14,0.0881
ar-hi/ar,حول,489,0.0906,30,0.0943,11,0.0692
ar-hi/ar,ترامب,485,0.0899,47,0.1477,20,0.1259
ar-hi/ar,دون,481,0.0892,27,0.0849,18,0.1133
ar-hi/ar,الولايات,477,0.0884,32,0.1006,9,0.0567
ar-hi/ar,يمكن,461,0.0854,20,0.0629,9,0.0567
ar-hi/ar,شركة,451,0.0836,65,0.2043,12,0.0755
ar-hi/ar,الحكومة,450,0.0834,29,0.0911,21,0.1322
ar-hi/ar,بنسبة,430,0.0797,53,0.1666,25,0.1574
ar-hi/ar,دولار,429,0.0795,30,0.0943,16,0.1007
ar-hi/ar,بينما,429,0.0795,30,0.0943,14,0.0881
ar-hi/ar,مجلس,427,0.0791,31,0.0974,11,0.0692
ar-hi/ar,رئيس,422,0.0782,33,0.1037,17,0.107
ar-hi/ar,الذين,418,0.0775,17,0.0534,1,0.0063
ar-hi/ar,إذ,413,0.0765,24,0.0754,30,0.1889
ar-hi/ar,إسرائيل,409,0.0758,14,0.044,25,0.1574
ar-hi/ar,عندما,406,0.0753,8,0.0251,6,0.0378
ar-hi/ar,عند,403,0.0747,37,0.1163,9,0.0567
ar-hi/ar,تم,399,0.074,11,0.0346,5,0.0315
ar-hi/ar,هي,398,0.0738,22,0.0691,6,0.0378
ar-hi/ar,الشركة,393,0.0728,44,0.1383,11,0.0692
ar-hi/ar,فيما,387,0.0717,37,0.1163,18,0.1133
ar-hi/ar,فإن,386,0.0715,14,0.044,9,0.0567
ar-hi/ar,أنها,386,0.0715,35,0.11,15,0.0944
ar-hi/ar,إلا,383,0.071,20,0.0629,14,0.0881
ar-hi/ar,إذا,380,0.0704,18,0.0566,6,0.0378
ar-hi/ar,بسبب,379,0.0702,22,0.0691,6,0.0378
ar-hi/ar,جميع,379,0.0702,18,0.0566,11,0.0692
ar-hi/ar,ألف,378,0.0701,23,0.0723,6,0.0378
ar-hi/ar,و,375,0.0695,1,0.0031,0,0.0
ar-hi/ar,الأميركي,374,0.0693,40,0.1257,17,0.107
ar-hi/ar,السعودية,371,0.0688,17,0.0534,49,0.3085
ar-hi/ar,الذكاء,357,0.0662,13,0.0409,8,0.0504
ar-hi/ar,أيضًا,353,0.0654,7,0.022,5,0.0315
ar-hi/ar,قال,353,0.0654,18,0.0566,10,0.063
ar-hi/ar,عدد,351,0.0651,17,0.0534,16,0.1007
ar-hi/ar,وفق,346,0.0641,47,0.1477,11,0.0692
ar-hi/ar,تلك,343,0.0636,13,0.0409,15,0.0944
ar-hi/ar,ومن,338,0.0626,17,0.0534,8,0.0504
ar-hi/ar,أمام,332,0.0615,22,0.0691,24,0.1511
ar-hi/ar,بأن,332,0.0615,18,0.0566,7,0.0441
ar-hi/ar,–,331,0.0614,8,0.0251,6,0.0378
ar-hi/ar,هناك,329,0.061,10,0.0314,7,0.0441
ar-hi/ar,الدول,327,0.0606,11,0.0346,19,0.1196
ar-hi/hi,के,41501,5.3863,2650,5.6442,1332,5.7043
ar-hi/hi,में,23066,2.9937,1425,3.0351,666,2.8521
ar-hi/hi,की,18524,2.4042,1245,2.6517,593,2.5395
ar-hi/hi,और,17507,2.2722,862,1.836,535,2.2911
ar-hi/hi,को,15280,1.9831,898,1.9126,465,1.9913
ar-hi/hi,से,15028,1.9504,891,1.8977,464,1.9871
ar-hi/hi,का,10303,1.3372,607,1.2928,315,1.349
ar-hi/hi,है।,10081,1.3084,644,1.3716,317,1.3575
ar-hi/hi,पर,8846,1.1481,620,1.3205,308,1.319
ar-hi/hi,ने,8472,1.0996,598,1.2737,322,1.379
ar-hi/hi,एक,8210,1.0656,411,0.8754,173,0.7409
ar-hi/hi,कि,7535,0.9779,581,1.2375,247,1.0578
ar-hi/hi,लिए,7217,0.9367,388,0.8264,248,1.0621
ar-hi/hi,"है,",6259,0.8123,418,0.8903,213,0.9122
ar-hi/hi,करने,6248,0.8109,385,0.82,220,0.9421
ar-hi/hi,है,4781,0.6205,274,0.5836,126,0.5396
ar-hi/hi,जो,4277,0.5551,250,0.5325,113,0.4839
ar-hi/hi,यह,4036,0.5238,247,0.5261,85,0.364
ar-hi/hi,इस,3820,0.4958,319,0.6794,143,0.6124
ar-hi/hi,रूप,3737,0.485,212,0.4515,107,0.4582
ar-hi/hi,हैं।,3665,0.4757,171,0.3642,84,0.3597
ar-hi/hi,किया,3426,0.4447,228,0.4856,94,0.4026
ar-hi/hi,कर,3114,0.4042,172,0.3663,85,0.364
ar-hi/hi,भी,3029,0.3931,159,0.3387,76,0.3255
ar-hi/hi,अपने,2836,0.3681,155,0.3301,100,0.4282
ar-hi/hi,नहीं,2807,0.3643,150,0.3195,49,0.2098
ar-hi/hi,साथ,2771,0.3596,137,0.2918,79,0.3383
ar-hi/hi,"में,",2494,0.3237,153,0.3259,74,0.3169
ar-hi/hi,"हैं,",2410,0.3128,127,0.2705,62,0.2655
ar-hi/hi,गया,2392,0.3105,153,0.3259,69,0.2955
ar-hi/hi,हो,2293,0.2976,133,0.2833,62,0.2655
ar-hi/hi,तक,2221,0.2883,165,0.3514,78,0.334
ar-hi/hi,दिया,1966,0.2552,152,0.3237,80,0.3426
ar-hi/hi,द्वारा,1921,0.2493,121,0.2577,43,0.1841
ar-hi/hi,करना,1874,0.2432,101,0.2151,61,0.2612
ar-hi/hi,उन्होंने,1839,0.2387,148,0.3152,89,0.3811
ar-hi/hi,या,1813,0.2353,102,0.2172,40,0.1713
ar-hi/hi,अधिक,1763,0.2288,102,0.2172,48,0.2056
ar-hi/hi,करते,1750,0.2271,81,0.1725,51,0.2184
ar-hi/hi,महत्वपूर्ण,1703,0.221,133,0.2833,78,0.334
ar-hi/hi,बाद,1689,0.2192,114,0.2428,40,0.1713
ar-hi/hi,अपनी,1674,0.2173,111,0.2364,62,0.2655
ar-hi/hi,शामिल,1594,0.2069,118,0.2513,65,0.2784
ar-hi/hi,करता,1562,0.2027,90,0.1917,59,0.2527
ar-hi/hi,"अनुसार,",1547,0.2008,131,0.279,63,0.2698
ar-hi/hi,वाले,1503,0.1951,80,0.1704,34,0.1456
ar-hi/hi,हैं,1436,0.1864,70,0.1491,31,0.1328
ar-hi/hi,ही,1423,0.1847,66,0.1406,32,0.137
ar-hi/hi,उनके,1412,0.1833,81,0.1725,65,0.2784
ar-hi/hi,हुए,1359,0.1764,71,0.1512,45,0.1927
ar-hi/hi,इसके,1344,0.1744,99,0.2109,50,0.2141
ar-hi/hi,क्षेत्र,1343,0.1743,97,0.2066,45,0.1927
ar-hi/hi,था।,1328,0.1724,78,0.1661,31,0.1328
ar-hi/hi,कम,1313,0.1704,75,0.1597,30,0.1285
ar-hi/hi,बात,1313,0.1704,102,0.2172,70,0.2998
ar-hi/hi,बीच,1301,0.1689,80,0.1704,34,0.1456
ar-hi/hi,रहे,1236,0.1604,59,0.1257,27,0.1156
ar-hi/hi,कहा,1226,0.1591,112,0.2385,49,0.2098
ar-hi/hi,जिससे,1219,0.1582,105,0.2236,43,0.1841
ar-hi/hi,कारण,1217,0.158,127,0.2705,29,0.1242
ar-hi/hi,गई,1207,0.1567,62,0.1321,45,0.1927
ar-hi/hi,गए,1194,0.155,54,0.115,20,0.0856
ar-hi/hi,पहले,1182,0.1534,97,0.2066,33,0.1413
ar-hi/hi,कुछ,1182,0.1534,65,0.1384,26,0.1113
ar-hi/hi,लोगों,1165,0.1512,35,0.0745,16,0.0685
ar-hi/hi,रहा,1161,0.1507,69,0.147,32,0.137
ar-hi/hi,कई,1158,0.1503,69,0.147,40,0.1713
ar-hi/hi,होने,1140,0.148,74,0.1576,45,0.1927
ar-hi/hi,अमेरिकी,1127,0.1463,108,0.23,33,0.1413
ar-hi/hi,वह,1112,0.1443,56,0.1193,28,0.1199
ar-hi/hi,लगभग,1110,0.1441,88,0.1874,61,0.2612
ar-hi/hi,राज्य,1045,0.1356,61,0.1299,50,0.2141
ar-hi/hi,राष्ट्रपति,1037,0.1346,80,0.1704,41,0.1756
ar-hi/hi,संयुक्त,1024,0.1329,61,0.1299,35,0.1499
ar-hi/hi,देश,1020,0.1324,51,0.1086,42,0.1799
ar-hi/hi,जोर,1018,0.1321,95,0.2023,69,0.2955
ar-hi/hi,सकता,1012,0.1313,53,0.1129,14,0.06
ar-hi/hi,दौरान,1011,0.1312,74,0.1576,40,0.1713
ar-hi/hi,वे,1005,0.1304,57,0.1214,30,0.1285
ar-hi/hi,उन्हें,999,0.1297,50,0.1065,31,0.1328
ar-hi/hi,लेकिन,980,0.1272,37,0.0788,27,0.1156
ar-hi/hi,जाता,978,0.1269,43,0.0916,20,0.0856
ar-hi/hi,उनकी,963,0.125,54,0.115,27,0.1156
ar-hi/hi,बारे,955,0.1239,42,0.0895,18,0.0771
ar-hi/hi,वृद्धि,946,0.1228,83,0.1768,75,0.3212
ar-hi/hi,सबसे,945,0.1226,62,0.1321,12,0.0514
ar-hi/hi,सुरक्षा,925,0.1201,79,0.1683,34,0.1456
ar-hi/hi,इन,916,0.1189,45,0.0958,28,0.1199
ar-hi/hi,माध्यम,916,0.1189,59,0.1257,39,0.167
ar-hi/hi,जैसे,914,0.1186,56,0.1193,23,0.0985
ar-hi/hi,जिसमें,875,0.1136,68,0.1448,43,0.1841
ar-hi/hi,जब,870,0.1129,39,0.0831,11,0.0471
ar-hi/hi,"था,",864,0.1121,44,0.0937,10,0.0428
ar-hi/hi,किए,864,0.1121,44,0.0937,19,0.0814
ar-hi/hi,-,862,0.1119,14,0.0298,7,0.03
ar-hi/hi,समय,860,0.1116,64,0.1363,34,0.1456
ar-hi/hi,शुरू,856,0.1111,61,0.1299,24,0.1028
ar-hi/hi,कंपनी,847,0.1099,102,0.2172,25,0.1071
ar-hi/hi,तो,843,0.1094,35,0.0745,20,0.0856
ar-hi/hi,खिलाफ,823,0.1068,42,0.0895,27,0.1156
ar-ur/ar,في,19692,3.6207,1086,3.4133,542,3.4157
ar-ur/ar,من,13256,2.4373,661,2.0775,328,2.0671
ar-ur/ar,على,8982,1.6515,545,1.7129,273,1.7204
ar-ur/ar,إلى,6750,1.2411,469,1.4741,230,1.4495
ar-ur/ar,أن,6186,1.1374,468,1.4709,229,1.4432
ar-ur/ar,مع,2884,0.5303,152,0.4777,78,0.4916
ar-ur/ar,عن,2779,0.511,152,0.4777,75,0.4726
ar-ur/ar,التي,2773,0.5099,143,0.4494,74,0.4663
ar-ur/ar,ما,2395,0.4404,149,0.4683,63,0.397
ar-ur/ar,هذه,1904,0.3501,101,0.3174,47,0.2962
ar-ur/ar,أو,1898,0.349,92,0.2892,50,0.3151
ar-ur/ar,هذا,1801,0.3311,88,0.2766,33,0.208
ar-ur/ar,لا,1798,0.3306,57,0.1791,28,0.1765
ar-ur/ar,بعد,1498,0.2754,92,0.2892,34,0.2143
ar-ur/ar,الذي,1490,0.274,94,0.2954,34,0.2143
ar-ur/ar,خلال,1434,0.2637,118,0.3709,54,0.3403
ar-ur/ar,بين,1413,0.2598,72,0.2263,35,0.2206
ar-ur/ar,عام,1259,0.2315,42,0.132,39,0.2458
ar-ur/ar,كما,1212,0.2228,104,0.3269,60,0.3781
ar-ur/ar,غير,1067,0.1962,47,0.1477,40,0.2521
ar-ur/ar,حيث,1050,0.1931,59,0.1854,17,0.1071
ar-ur/ar,،,1040,0.1912,2,0.0063,1,0.0063
ar-ur/ar,لم,1025,0.1885,64,0.2012,18,0.1134
ar-ur/ar,كان,1012,0.1861,42,0.132,21,0.1323
ar-ur/ar,إن,956,0.1758,58,0.1823,26,0.1639
ar-ur/ar,أكثر,911,0.1675,48,0.1509,18,0.1134
ar-ur/ar,قد,907,0.1668,58,0.1823,26,0.1639
ar-ur/ar,ذلك,856,0.1574,34,0.1069,23,0.1449
ar-ur/ar,قبل,801,0.1473,43,0.1351,17,0.1071
ar-ur/ar,مثل,799,0.1469,52,0.1634,18,0.1134
ar-ur/ar,كانت,796,0.1464,36,0.1131,9,0.0567
ar-ur/ar,بشكل,782,0.1438,58,0.1823,28,0.1765
ar-ur/ar,عبر,725,0.1333,42,0.132,23,0.1449
ar-ur/ar,المتحدة,708,0.1302,26,0.0817,16,0.1008
ar-ur/ar,منذ,701,0.1289,43,0.1351,11,0.0693
ar-ur/ar,أي,693,0.1274,43,0.1351,10,0.063
ar-ur/ar,لكن,673,0.1237,46,0.1446,21,0.1323
ar-ur/ar,حتى,669,0.123,24,0.0754,18,0.1134
ar-ur/ar,نحو,654,0.1202,49,0.154,43,0.271
ar-ur/ar,أنه,649,0.1193,57,0.1791,27,0.1702
ar-ur/ar,هو,648,0.1191,26,0.0817,15,0.0945
ar-ur/ar,العام,645,0.1186,57,0.1791,36,0.2269
ar-ur/ar,كل,630,0.1158,18,0.0566,22,0.1386
ar-ur/ar,الرئيس,627,0.1153,50,0.1571,34,0.2143
ar-ur/ar,مما,619,0.1138,29,0.0911,14,0.0882
ar-ur/ar,اليوم,619,0.1138,46,0.1446,28,0.1765
ar-ur/ar,مليون,570,0.1048,47,0.1477,17,0.1071
ar-ur/ar,بل,564,0.1037,31,0.0974,17,0.1071
ar-ur/ar,وفي,555,0.102,24,0.0754,17,0.1071
ar-ur/ar,مليار,544,0.1,76,0.2389,43,0.271
ar-ur/ar,وقال,540,0.0993,43,0.1351,24,0.1512
ar-ur/ar,ذلك،,537,0.0987,26,0.0817,10,0.063
ar-ur/ar,وهو,528,0.0971,42,0.132,12,0.0756
ar-ur/ar,بما,524,0.0963,27,0.0849,28,0.1765
ar-ur/ar,يوم,523,0.0962,31,0.0974,10,0.063
ar-ur/ar,.,521,0.0958,1,0.0031,0,0.0
ar-ur/ar,بعض,501,0.0921,31,0.0974,14,0.0882
ar-ur/ar,حول,500,0.0919,30,0.0943,11,0.0693
ar-ur/ar,ترامب,487,0.0895,47,0.1477,20,0.126
ar-ur/ar,دون,483,0.0888,27,0.0849,18,0.1134
ar-ur/ar,الولايات,477,0.0877,32,0.1006,9,0.0567
ar-ur/ar,يمكن,472,0.0868,20,0.0629,9,0.0567
ar-ur/ar,الحكومة,456,0.0838,29,0.0911,21,0.1323
ar-ur/ar,شركة,451,0.0829,65,0.2043,12,0.0756
ar-ur/ar,دولار,436,0.0802,30,0.0943,16,0.1008
ar-ur/ar,بينما,431,0.0792,30,0.0943,14,0.0882
ar-ur/ar,بنسبة,431,0.0792,53,0.1666,25,0.1575
ar-ur/ar,مجلس,427,0.0785,31,0.0974,11,0.0693
ar-ur/ar,الذين,426,0.0783,17,0.0534,1,0.0063
ar-ur/ar,رئيس,422,0.0776,33,0.1037,17,0.1071
ar-ur/ar,إذ,413,0.0759,24,0.0754,30,0.1891
ar-ur/ar,إسرائيل,411,0.0756,14,0.044,25,0.1575
ar-ur/ar,عندما,410,0.0754,8,0.0251,6,0.0378
ar-ur/ar,عند,407,0.0748,37,0.1163,9,0.0567
ar-ur/ar,هي,404,0.0743,22,0.0691,6,0.0378
ar-ur/ar,تم,402,0.0739,11,0.0346,5,0.0315
ar-ur/ar,فإن,394,0.0724,14,0.044,9,0.0567
ar-ur/ar,الشركة,394,0.0724,44,0.1383,11,0.0693
ar-ur/ar,أنها,391,0.0719,35,0.11,15,0.0945
ar-ur/ar,فيما,391,0.0719,37,0.1163,18,0.1134
ar-ur/ar,إلا,389,0.0715,20,0.0629,14,0.0882
ar-ur/ar,بسبب,384,0.0706,22,0.0691,6,0.0378
ar-ur/ar,جميع,384,0.0706,18,0.0566,11,0.0693
ar-ur/ar,ألف,382,0.0702,23,0.0723,6,0.0378
ar-ur/ar,إذا,382,0.0702,18,0.0566,6,0.0378
ar-ur/ar,الذكاء,379,0.0697,13,0.0409,8,0.0504
ar-ur/ar,الأميركي,375,0.0689,40,0.1257,17,0.1071
ar-ur/ar,و,371,0.0682,1,0.0031,0,0.0
ar-ur/ar,السعودية,371,0.0682,17,0.0534,49,0.3088
ar-ur/ar,أيضًا,364,0.0669,7,0.022,5,0.0315
ar-ur/ar,عدد,357,0.0656,17,0.0534,16,0.1008
ar-ur/ar,قال,353,0.0649,18,0.0566,10,0.063
ar-ur/ar,–,350,0.0644,8,0.0251,6,0.0378
ar-ur/ar,وفق,346,0.0636,47,0.1477,11,0.0693
ar-ur/ar,تلك,345,0.0634,13,0.0409,15,0.0945
ar-ur/ar,الدول,341,0.0627,11,0.0346,19,0.1197
ar-ur/ar,ومن,337,0.062,17,0.0534,8,0.0504
ar-ur/ar,بأن,334,0.0614,18,0.0566,7,0.0441
ar-ur/ar,أمام,334,0.0614,22,0.0691,24,0.1512
ar-ur/ar,الاصطناعي,333,0.0612,11,0.0346,6,0.0378
ar-ur/ur,کے,47768,5.6813,2991,5.8427,1546,6.1184
ar-ur/ur,کی,28877,3.4345,1929,3.7682,911,3.6054
ar-ur/ur,میں,23860,2.8378,1441,2.8149,682,2.6991
ar-ur/ur,اور,17284,2.0557,845,1.6506,517,2.0461
ar-ur/ur,سے,16489,1.9611,1003,1.9593,471,1.864
ar-ur/ur,کو,16164,1.9225,926,1.8089,498,1.9709
ar-ur/ur,پر,13335,1.586,869,1.6975,442,1.7492
ar-ur/ur,نے,12458,1.4817,852,1.6643,448,1.773
ar-ur/ur,کا,11401,1.356,674,1.3166,341,1.3495
ar-ur/ur,اس,10325,1.228,669,1.3068,307,1.215
ar-ur/ur,ہے۔,9877,1.1747,643,1.2561,309,1.2229
ar-ur/ur,کہ,9483,1.1279,708,1.383,308,1.2189
ar-ur/ur,ایک,8053,0.9578,389,0.7599,157,0.6213
ar-ur/ur,لیے,6550,0.779,367,0.7169,253,1.0013
ar-ur/ur,ہے،,5953,0.708,399,0.7794,194,0.7678
ar-ur/ur,ہے,5820,0.6922,344,0.672,152,0.6016
ar-ur/ur,کرنے,5793,0.689,326,0.6368,190,0.7519
ar-ur/ur,یہ,4957,0.5896,306,0.5977,107,0.4235
ar-ur/ur,کیا,4848,0.5766,321,0.6271,130,0.5145
ar-ur/ur,جو,4712,0.5604,285,0.5567,127,0.5026
ar-ur/ur,طور,4512,0.5366,264,0.5157,134,0.5303
ar-ur/ur,ان,4144,0.4929,233,0.4551,140,0.5541
ar-ur/ur,کر,4135,0.4918,245,0.4786,126,0.4987
ar-ur/ur,ہیں۔,4109,0.4887,199,0.3887,101,0.3997
ar-ur/ur,جس,3607,0.429,280,0.547,122,0.4828
ar-ur/ur,ساتھ,3371,0.4009,192,0.3751,93,0.3681
ar-ur/ur,اپنے,2857,0.3398,140,0.2735,99,0.3918
ar-ur/ur,نہیں,2767,0.3291,137,0.2676,45,0.1781
ar-ur/ur,وہ,2724,0.324,147,0.2872,78,0.3087
ar-ur/ur,بھی,2530,0.3009,144,0.2813,62,0.2454
ar-ur/ur,ہیں،,2527,0.3005,129,0.252,69,0.2731
ar-ur/ur,تک,2425,0.2884,182,0.3555,83,0.3285
ar-ur/ur,کرتے,2281,0.2713,135,0.2637,73,0.2889
ar-ur/ur,میں،,2160,0.2569,132,0.2579,56,0.2216
ar-ur/ur,زیادہ,2098,0.2495,123,0.2403,41,0.1623
ar-ur/ur,بات,1979,0.2354,151,0.295,101,0.3997
ar-ur/ur,اپنی,1938,0.2305,121,0.2364,63,0.2493
ar-ur/ur,والے,1913,0.2275,81,0.1582,28,0.1108
ar-ur/ur,ہیں,1907,0.2268,100,0.1953,57,0.2256
ar-ur/ur,دیا,1886,0.2243,154,0.3008,71,0.281
ar-ur/ur,ہو,1825,0.2171,121,0.2364,55,0.2177
ar-ur/ur,کرتا,1810,0.2153,117,0.2286,60,0.2375
ar-ur/ur,یا,1790,0.2129,102,0.1992,38,0.1504
ar-ur/ur,ہوئے,1787,0.2125,107,0.209,62,0.2454
ar-ur/ur,گیا,1786,0.2124,116,0.2266,47,0.186
ar-ur/ur,بعد,1742,0.2072,123,0.2403,43,0.1702
ar-ur/ur,ہونے,1719,0.2044,90,0.1758,34,0.1346
ar-ur/ur,کرنا,1640,0.1951,100,0.1953,51,0.2018
ar-ur/ur,اہم,1520,0.1808,133,0.2598,66,0.2612
ar-ur/ur,کم,1452,0.1727,92,0.1797,40,0.1583
ar-ur/ur,غیر,1367,0.1626,81,0.1582,54,0.2137
ar-ur/ur,شامل,1335,0.1588,84,0.1641,38,0.1504
ar-ur/ur,جب,1329,0.1581,75,0.1465,31,0.1227
ar-ur/ur,سال,1314,0.1563,98,0.1914,55,0.2177
ar-ur/ur,وجہ,1285,0.1528,130,0.2539,40,0.1583
ar-ur/ur,مزید,1256,0.1494,107,0.209,55,0.2177
ar-ur/ur,زور,1255,0.1493,114,0.2227,75,0.2968
ar-ur/ur,خلاف,1230,0.1463,62,0.1211,35,0.1385
ar-ur/ur,طرف,1210,0.1439,67,0.1309,28,0.1108
ar-ur/ur,حاصل,1201,0.1428,71,0.1387,36,0.1425
ar-ur/ur,مطابق،,1199,0.1426,89,0.1739,51,0.2018
ar-ur/ur,انہوں,1199,0.1426,100,0.1953,59,0.2335
ar-ur/ur,درمیان,1142,0.1358,72,0.1406,30,0.1187
ar-ur/ur,کرتی,1120,0.1332,68,0.1328,29,0.1148
ar-ur/ur,بارے,1113,0.1324,52,0.1016,23,0.091
ar-ur/ur,استعمال,1109,0.1319,46,0.0899,28,0.1108
ar-ur/ur,دوران,1107,0.1317,75,0.1465,47,0.186
ar-ur/ur,تقریباً,1081,0.1286,85,0.166,59,0.2335
ar-ur/ur,امریکی,1075,0.1279,111,0.2168,31,0.1227
ar-ur/ur,کام,1073,0.1276,61,0.1192,18,0.0712
ar-ur/ur,ذریعے,1059,0.126,72,0.1406,41,0.1623
ar-ur/ur,جاری,1058,0.1258,102,0.1992,60,0.2375
ar-ur/ur,کہا,1056,0.1256,89,0.1739,36,0.1425
ar-ur/ur,کیا۔,1051,0.125,47,0.0918,36,0.1425
ar-ur/ur,والی,1047,0.1245,77,0.1504,22,0.0871
ar-ur/ur,صدر,1046,0.1244,80,0.1563,47,0.186
ar-ur/ur,ملک,1045,0.1243,50,0.0977,35,0.1385
ar-ur/ur,تھا۔,1040,0.1237,48,0.0938,25,0.0989
ar-ur/ur,جیسے,1039,0.1236,66,0.1289,24,0.095
ar-ur/ur,فیصد,1034,0.123,84,0.1641,54,0.2137
ar-ur/ur,لیکن,1033,0.1229,37,0.0723,31,0.1227
ar-ur/ur,پہلے,1021,0.1214,70,0.1367,23,0.091
ar-ur/ur,پیش,1012,0.1204,68,0.1328,29,0.1148
ar-ur/ur,طرح,1010,0.1201,65,0.127,29,0.1148
ar-ur/ur,رہے,1001,0.1191,56,0.1094,16,0.0633
ar-ur/ur,گئی,992,0.118,47,0.0918,31,0.1227
ar-ur/ur,ہی,989,0.1176,39,0.0762,21,0.0831
ar-ur/ur,بہت,954,0.1135,29,0.0566,20,0.0792
ar-ur/ur,سب,934,0.1111,61,0.1192,12,0.0475
ar-ur/ur,صرف,930,0.1106,40,0.0781,11,0.0435
ar-ur/ur,رہا,916,0.1089,48,0.0938,18,0.0712
ar-ur/ur,اضافہ,911,0.1084,97,0.1895,47,0.186
ar-ur/ur,مقصد,907,0.1079,74,0.1446,37,0.1464
ar-ur/ur,جاتا,904,0.1075,47,0.0918,14,0.0554
ar-ur/ur,سرمایہ,892,0.1061,101,0.1973,20,0.0792
ar-ur/ur,سکتا,884,0.1051,47,0.0918,13,0.0514
ar-ur/ur,و,882,0.1049,59,0.1153,27,0.1069
ar-ur/ur,وقت,869,0.1034,47,0.0918,18,0.0712
ar-ur/ur,ہم,861,0.1024,33,0.0645,32,0.1266
ar-ur/ur,خاص,854,0.1016,52,0.1016,28,0.1108
