direction,split,language,token,frequency
ar-en/ar,dev,ar,جنينة,16
ar-en/ar,dev,ar,سايكس,8
ar-en/ar,dev,ar,بيكو,7
ar-en/ar,dev,ar,"القوة""",6
ar-en/ar,dev,ar,أوكسيدنتال,5
ar-en/ar,dev,ar,والصغيرة,4
ar-en/ar,dev,ar,القبرصي,4
ar-en/ar,dev,ar,"""إل.إن.جي",4
ar-en/ar,dev,ar,يؤخر,4
ar-en/ar,dev,ar,مصابا,4
ar-en/ar,dev,ar,"""ريمات",4
ar-en/ar,dev,ar,"للتنمية""",4
ar-en/ar,dev,ar,"أوشن""",4
ar-en/ar,dev,ar,"""ماينور""",4
ar-en/ar,dev,ar,"""صن",4
ar-en/ar,dev,ar,"رايز""",4
ar-en/ar,dev,ar,عائمة,4
ar-en/ar,dev,ar,ومتناهية,3
ar-en/ar,dev,ar,الصغر,3
ar-en/ar,dev,ar,الموسوعة,3
ar-en/ar,dev,ar,وأبوظبي,3
ar-en/ar,dev,ar,للانسحاب,3
ar-en/ar,dev,ar,أمهل,3
ar-en/ar,dev,ar,درهم.,3
ar-en/ar,dev,ar,"الأمد""",3
ar-en/ar,dev,ar,كلنا,3
ar-en/ar,dev,ar,المعاودة,3
ar-en/ar,dev,ar,سيارةً,3
ar-en/ar,dev,ar,المفاوضين,3
ar-en/ar,dev,ar,"كندا""",3
ar-en/ar,dev,ar,العفالق،,3
ar-en/ar,dev,ar,"""الريتينال""",3
ar-en/ar,dev,ar,بتروليوم,3
ar-en/ar,dev,ar,العُماني,3
ar-en/ar,dev,ar,أوسيمين,3
ar-en/ar,dev,ar,شخصياً،,3
ar-en/ar,dev,ar,"""ميد",3
ar-en/ar,dev,ar,فندقًا,3
ar-en/ar,dev,ar,مطحنة,3
ar-en/ar,dev,ar,ملحوظا،,3
ar-en/ar,dev,ar,المشغلة,3
ar-en/ar,dev,ar,الآجال,3
ar-en/ar,dev,ar,وشريحة,3
ar-en/ar,dev,ar,"""غطرسة",3
ar-en/ar,dev,ar,"التركي""",3
ar-en/ar,dev,ar,المكتسبات,3
ar-en/ar,dev,ar,حائل,3
ar-en/ar,dev,ar,"""ويكيبيديا""",3
ar-en/ar,dev,ar,للبشرة,3
ar-en/ar,dev,ar,"""نيوز",3
ar-en/ar,dev,ar,إكسينوس,3
ar-en/ar,dev,ar,الحجز،,3
ar-en/ar,dev,ar,بطلتنا,2
ar-en/ar,dev,ar,البلطيق،,2
ar-en/ar,dev,ar,المُقاس,2
ar-en/ar,dev,ar,بمشاكل,2
ar-en/ar,dev,ar,بتزويد,2
ar-en/ar,dev,ar,خطي,2
ar-en/ar,dev,ar,غارناتشو,2
ar-en/ar,dev,ar,الأيمن،,2
ar-en/ar,dev,ar,الاتفاقيتان,2
ar-en/ar,dev,ar,"القابضة""،",2
ar-en/ar,dev,ar,"""تحسنا",2
ar-en/ar,dev,ar,"هائلا""",2
ar-en/ar,dev,ar,وسدد,2
ar-en/ar,dev,ar,وإطالة,2
ar-en/ar,dev,ar,المرض،,2
ar-en/ar,dev,ar,لويكيبيديا,2
ar-en/ar,dev,ar,"""إكس.أيه.أي""،",2
ar-en/ar,dev,ar,معلنا,2
ar-en/ar,dev,ar,أداءها,2
ar-en/ar,dev,ar,متوقعةً,2
ar-en/ar,dev,ar,أسبوعيا,2
ar-en/ar,dev,ar,الدولارية،,2
ar-en/ar,dev,ar,5.25,2
ar-en/ar,dev,ar,بخماسية,2
ar-en/ar,dev,ar,غللو,2
ar-en/ar,dev,ar,ديدي,2
ar-en/ar,dev,ar,احترازي.,2
ar-en/ar,dev,ar,يفض,2
ar-en/ar,dev,ar,السعد،,2
ar-en/ar,dev,ar,اليدين,2
ar-en/ar,dev,ar,والحرص,2
ar-en/ar,dev,ar,مينيرال,2
ar-en/ar,dev,ar,"ريسورسز""",2
ar-en/ar,dev,ar,إلكترون,2
ar-en/ar,dev,ar,بكورونا,2
ar-en/ar,dev,ar,عطائه,2
ar-en/ar,dev,ar,ومدربًا,2
ar-en/ar,dev,ar,ومربيًا,2
ar-en/ar,dev,ar,ومعلمًا,2
ar-en/ar,dev,ar,سلافيا,2
ar-en/ar,dev,ar,الامتلاء,2
ar-en/ar,dev,ar,إيال,2
ar-en/ar,dev,ar,زامير،,2
ar-en/ar,dev,ar,بمقاتلي,2
ar-en/ar,dev,ar,"أحرونوت"".",2
ar-en/ar,dev,ar,تقلبًا,2
ar-en/ar,dev,ar,بترايوس,2
ar-en/ar,dev,ar,(إسرائيل,2
ar-en/ar,dev,ar,وحماس).,2
ar-en/ar,dev,ar,نتلشير,2
ar-en/ar,dev,ar,لوتنيك:,2
ar-en/ar,dev,ar,"""ميني",2
ar-en/ar,dev,ar,كونتري,2
ar-en/ar,dev,ar,مان,2
ar-en/ar,dev,ar,إكس.أيه.أي،,2
ar-en/ar,dev,ar,"""يسعى",2
ar-en/ar,dev,ar,للحقيقة,2
ar-en/ar,dev,ar,حد.,2
ar-en/ar,dev,ar,النقوش,2
ar-en/ar,dev,ar,شرطيان,2
ar-en/ar,dev,ar,ضعيفاً،,2
ar-en/ar,dev,ar,"""الريتينول""",2
ar-en/ar,dev,ar,جاكسون,2
ar-en/ar,dev,ar,الدقائق,2
ar-en/ar,dev,ar,المتّحدة.,2
ar-en/ar,dev,ar,النوويةالتي,2
ar-en/ar,dev,ar,والإمبراطورية,2
ar-en/ar,dev,ar,تسيفيليوف،,2
ar-en/ar,dev,ar,جنيها،,2
ar-en/ar,dev,ar,الفجيرة,2
ar-en/ar,dev,ar,الربعي,2
ar-en/ar,dev,ar,والتطلعات,2
ar-en/ar,dev,ar,هوجو,2
ar-en/ar,dev,ar,إيكيتيكي,2
ar-en/ar,dev,ar,"""قوة",2
ar-en/ar,dev,ar,"مؤقتة""،",2
ar-en/ar,dev,ar,وعضوية,2
ar-en/ar,dev,ar,مهاجراني,2
ar-en/ar,dev,ar,أينتراخت,2
ar-en/ar,dev,ar,(آي.إف.آر),2
ar-en/ar,dev,ar,لأخبار,2
ar-en/ar,dev,ar,1916،,2
ar-en/ar,dev,ar,منحاز,2
ar-en/ar,dev,ar,1-صفر,2
ar-en/ar,dev,ar,ويكيبيديا،,2
ar-en/ar,dev,ar,الصرففي,2
ar-en/ar,dev,ar,مامارداشفيلي,2
ar-en/ar,dev,ar,56.,2
ar-en/ar,dev,ar,بريمر,2
ar-en/ar,dev,ar,"الرياض""،",2
ar-en/ar,dev,ar,فتمثلت,2
ar-en/ar,dev,ar,الواعدة،,2
ar-en/ar,dev,ar,السيبرانية:,2
ar-en/ar,dev,ar,اللوجستية.,2
ar-en/ar,dev,ar,الساعد،,2
ar-en/ar,dev,ar,وملخصًا,2
ar-en/ar,dev,ar,النازيين,2
ar-en/ar,dev,ar,بتروناس,2
ar-en/ar,dev,ar,وأحجمت,2
ar-en/ar,dev,ar,أساهي,2
ar-en/ar,dev,ar,بديلا,2
ar-en/ar,dev,ar,للدقيق,2
ar-en/ar,dev,ar,للأعلاف,2
ar-en/ar,dev,ar,أدركا,2
ar-en/ar,dev,ar,المناعة،,2
ar-en/ar,dev,ar,أظهروا,2
ar-en/ar,dev,ar,وانخفاضًا,2
ar-en/ar,dev,ar,أمامية,2
ar-en/ar,dev,ar,يجسّد,2
ar-en/ar,dev,ar,"ميتال""",2
ar-en/ar,dev,ar,"""محافظ",2
ar-en/ar,dev,ar,"الاستحقاق""",2
ar-en/ar,dev,ar,هاكانن,2
ar-en/ar,dev,ar,"""درع",2
ar-en/ar,dev,ar,ستنقلونها,2
ar-en/ar,dev,ar,"""الكونغرس""",2
ar-en/ar,dev,ar,وازدهار,2
ar-en/ar,dev,ar,"""مدار",2
ar-en/ar,dev,ar,"""أزهى",2
ar-en/ar,dev,ar,"الحكمة""،",2
ar-en/ar,dev,ar,"السخنة""،",2
ar-en/ar,dev,ar,كرسيه,2
ar-en/ar,dev,ar,سهماً,2
ar-en/ar,dev,ar,أرطاوي,2
ar-en/ar,dev,ar,الثانوي،,2
ar-en/ar,dev,ar,للخلف،,2
ar-en/ar,dev,ar,للتحضير,2
ar-en/ar,dev,ar,يلف,2
ar-en/ar,dev,ar,ماكدونالد,2
ar-en/ar,dev,ar,23%,2
ar-en/ar,dev,ar,الفنلندي،,2
ar-en/ar,dev,ar,بالسكك,2
ar-en/ar,dev,ar,"و""أزهى",2
ar-en/ar,dev,ar,تعثره,2
ar-en/ar,dev,ar,نقاط.,2
ar-en/ar,dev,ar,توبمولر,2
ar-en/ar,dev,ar,وسهلة,2
ar-en/ar,dev,ar,8.1%,2
ar-en/ar,dev,ar,وبعائد,2
ar-en/ar,dev,ar,ميد,2
ar-en/ar,dev,ar,طرفين,2
ar-en/ar,dev,ar,السرايا,2
ar-en/ar,dev,ar,المرجة,2
ar-en/ar,dev,ar,تلقائي,2
ar-en/ar,dev,ar,"لـ""العربية/الحدث""",2
ar-en/ar,dev,ar,الحارة.,2
ar-en/ar,dev,ar,القاسية.,2
ar-en/ar,dev,ar,68،,2
ar-en/ar,devtest,ar,التمهيدي,9
ar-en/ar,devtest,ar,للأنشطة,8
ar-en/ar,devtest,ar,التوسعي,7
ar-en/ar,devtest,ar,أمهل,7
ar-en/ar,devtest,ar,النفطية.,5
ar-en/ar,devtest,ar,1.147,5
ar-en/ar,devtest,ar,بيدري,5
ar-en/ar,devtest,ar,الجحيم,5
ar-en/ar,devtest,ar,ومصيراً,5
ar-en/ar,devtest,ar,كوكي,5
ar-en/ar,devtest,ar,المتوسط؛,4
ar-en/ar,devtest,ar,والمدى,4
ar-en/ar,devtest,ar,1.313,4
ar-en/ar,devtest,ar,"إنرجيز""",4
ar-en/ar,devtest,ar,أطرها,4
ar-en/ar,devtest,ar,قاتماً.,4
ar-en/ar,devtest,ar,للرد،,4
ar-en/ar,devtest,ar,تفعل،,4
ar-en/ar,devtest,ar,فستقوم,4
ar-en/ar,devtest,ar,"يلزم""،",4
ar-en/ar,devtest,ar,1147,4
ar-en/ar,devtest,ar,كونتي,4
ar-en/ar,devtest,ar,المُعترفة,4
ar-en/ar,devtest,ar,بالضربة,4
ar-en/ar,devtest,ar,ينيبه,4
ar-en/ar,devtest,ar,4.6%,3
ar-en/ar,devtest,ar,ترحيبها,3
ar-en/ar,devtest,ar,مينديز,3
ar-en/ar,devtest,ar,1.294,3
ar-en/ar,devtest,ar,والموجّه,3
ar-en/ar,devtest,ar,وبعجز,3
ar-en/ar,devtest,ar,"""لدى",3
ar-en/ar,devtest,ar,"""جرين",3
ar-en/ar,devtest,ar,"بيس""",3
ar-en/ar,devtest,ar,المسال،,3
ar-en/ar,devtest,ar,الزوراء,3
ar-en/ar,devtest,ar,1313,3
ar-en/ar,devtest,ar,ماناكر,3
ar-en/ar,devtest,ar,مبابي،,3
ar-en/ar,devtest,ar,(إسرائيل,3
ar-en/ar,devtest,ar,وحماس).,3
ar-en/ar,devtest,ar,للحل،,3
ar-en/ar,devtest,ar,دانون،,3
ar-en/ar,devtest,ar,ستنهي,3
ar-en/ar,devtest,ar,وتستعيد,3
ar-en/ar,devtest,ar,ستصعّد,3
ar-en/ar,devtest,ar,بالخطة،,2
ar-en/ar,devtest,ar,توقعتوزارة,2
ar-en/ar,devtest,ar,السعوديةأن,2
ar-en/ar,devtest,ar,مطبق،,2
ar-en/ar,devtest,ar,وتكراراً.,2
ar-en/ar,devtest,ar,المدمر،,2
ar-en/ar,devtest,ar,الماضيتين،,2
ar-en/ar,devtest,ar,بزميله,2
ar-en/ar,devtest,ar,وتشديد,2
ar-en/ar,devtest,ar,ولكون,2
ar-en/ar,devtest,ar,استباقي؛,2
ar-en/ar,devtest,ar,1.419,2
ar-en/ar,devtest,ar,للتطورات,2
ar-en/ar,devtest,ar,والصكوك,2
ar-en/ar,devtest,ar,(فرنسا،,2
ar-en/ar,devtest,ar,1.25,2
ar-en/ar,devtest,ar,"""الوقت",2
ar-en/ar,devtest,ar,"للرد""،",2
ar-en/ar,devtest,ar,والموجَّه,2
ar-en/ar,devtest,ar,"والفصائل"".",2
ar-en/ar,devtest,ar,إسرائيل)،,2
ar-en/ar,devtest,ar,ومدعومة,2
ar-en/ar,devtest,ar,معتبرة،,2
ar-en/ar,devtest,ar,للصدمات,2
ar-en/ar,devtest,ar,الطارئة.,2
ar-en/ar,devtest,ar,الجدعان,2
ar-en/ar,devtest,ar,فاعلًا,2
ar-en/ar,devtest,ar,والطويل؛,2
ar-en/ar,devtest,ar,ومحددات,2
ar-en/ar,devtest,ar,بيري،,2
ar-en/ar,devtest,ar,ومواطنيها,2
ar-en/ar,devtest,ar,4.4%،,2
ar-en/ar,devtest,ar,التحولي،,2
ar-en/ar,devtest,ar,بوتر،,2
ar-en/ar,devtest,ar,عصاه,2
ar-en/ar,devtest,ar,للغاز،,2
ar-en/ar,devtest,ar,"""تنتظر",2
ar-en/ar,devtest,ar,السلام..,2
ar-en/ar,devtest,ar,وسلوكاً,2
ar-en/ar,devtest,ar,"الحركة""،",2
ar-en/ar,devtest,ar,1294,2
ar-en/ar,devtest,ar,1419,2
ar-en/ar,devtest,ar,والحرص,2
ar-en/ar,devtest,ar,فيراتي,2
ar-en/ar,devtest,ar,لمحاولات,2
ar-en/ar,devtest,ar,بديلا,2
ar-en/ar,devtest,ar,الصاع,2
ar-en/ar,devtest,ar,مونتجويك،,2
ar-en/ar,devtest,ar,لاقتصاديات,2
ar-en/ar,devtest,ar,الشمري,2
ar-en/ar,devtest,ar,بُعد.,2
ar-en/ar,devtest,ar,بارتوميو،,2
ar-en/ar,devtest,ar,طبيعيًا,2
ar-en/ar,devtest,ar,وجهودها,2
ar-en/ar,devtest,ar,التدشين,2
ar-en/ar,devtest,ar,والمائية،,2
ar-en/ar,devtest,ar,والمعالجة,2
ar-en/ar,devtest,ar,النزال,2
ar-en/ar,devtest,ar,القاضية),2
ar-en/ar,devtest,ar,القاضية).,2
ar-en/ar,devtest,ar,الكيرسيتين،,2
ar-en/ar,devtest,ar,التأكسدي,2
ar-en/ar,devtest,ar,والسلوكيات,2
ar-en/ar,devtest,ar,"""منفتحة",2
ar-en/ar,devtest,ar,ثوابتها,2
ar-en/ar,devtest,ar,مثيثوا,2
ar-en/ar,devtest,ar,تيبو,2
ar-en/ar,devtest,ar,ترامببشأن,2
ar-en/ar,devtest,ar,الجعيد،,2
ar-en/ar,devtest,ar,دكتورة,2
ar-en/ar,devtest,ar,والبناء.,2
ar-en/ar,devtest,ar,للتباحث,2
ar-en/ar,devtest,ar,ترامب،حركة,2
ar-en/ar,devtest,ar,حماس4,2
ar-en/ar,devtest,ar,قاتماً،,2
ar-en/ar,devtest,ar,ونصت,2
ar-en/ar,devtest,ar,مرايا,2
ar-en/ar,devtest,ar,مُتفق,2
ar-en/ar,devtest,ar,"لـ""وزارة",2
ar-en/ar,devtest,ar,"بـ""التافه",2
ar-en/ar,devtest,ar,"الشكوى""",2
ar-en/ar,devtest,ar,غدٍ,1
ar-en/ar,devtest,ar,جسوراً,1
ar-en/ar,devtest,ar,والرخاء.,1
ar-en/ar,devtest,ar,مارسيليا,1
ar-en/ar,devtest,ar,والمؤسس,1
ar-en/ar,devtest,ar,انفتاحًا,1
ar-en/ar,devtest,ar,وابتكارًا.,1
ar-en/ar,devtest,ar,تطبيقاتهم,1
ar-en/ar,devtest,ar,وتنزيل,1
ar-en/ar,devtest,ar,ابتكرها,1
ar-en/ar,devtest,ar,جدولةشحنات,1
ar-en/ar,devtest,ar,الغازالمسال,1
ar-en/ar,devtest,ar,التغويز،,1
ar-en/ar,devtest,ar,وتكدس,1
ar-en/ar,devtest,ar,لمصرخلال,1
ar-en/ar,devtest,ar,32.9,1
ar-en/ar,devtest,ar,27.9,1
ar-en/ar,devtest,ar,هجوميين،,1
ar-en/ar,devtest,ar,ويحافظ,1
ar-en/ar,devtest,ar,متقدم،,1
ar-en/ar,devtest,ar,أحبه,1
ar-en/ar,devtest,ar,وأحب,1
ar-en/ar,devtest,ar,مشاهدته،,1
ar-en/ar,devtest,ar,وسأظل,1
ar-en/ar,devtest,ar,بمنشور,1
ar-en/ar,devtest,ar,"""الشراكة",1
ar-en/ar,devtest,ar,تساعده,1
ar-en/ar,devtest,ar,بفعالية,1
ar-en/ar,devtest,ar,"أمانًا"".",1
ar-en/ar,devtest,ar,نتيجة.,1
ar-en/ar,devtest,ar,جرمان،,1
ar-en/ar,devtest,ar,وبقدرته,1
ar-en/ar,devtest,ar,واستشهدت,1
ar-en/ar,devtest,ar,والنفقات,1
ar-en/ar,devtest,ar,يُخفِ,1
ar-en/ar,devtest,ar,الائتلاف،,1
ar-en/ar,devtest,ar,وإيتمار,1
ar-en/ar,devtest,ar,بارتوميو,1
ar-en/ar,devtest,ar,موكّلهم,1
ar-en/ar,devtest,ar,"""أخطاء""،",1
ar-en/ar,devtest,ar,نددوا,1
ar-en/ar,devtest,ar,بالدعاوى,1
ar-en/ar,devtest,ar,تستهدفه,1
ar-en/ar,devtest,ar,دولته،,1
ar-en/ar,devtest,ar,للشعبين,1
ar-en/ar,devtest,ar,والإسرائيلي.,1
ar-en/ar,devtest,ar,ترأسها,1
ar-en/ar,devtest,ar,تكدس,1
ar-en/ar,devtest,ar,السفن،,1
ar-en/ar,devtest,ar,أماكنها,1
ar-en/ar,devtest,ar,وبيد,1
ar-en/ar,devtest,ar,الأمرين،,1
ar-en/ar,devtest,ar,بتحذيرات,1
ar-en/ar,devtest,ar,تصرّف.,1
ar-en/ar,devtest,ar,"السلبية""،",1
ar-en/ar,devtest,ar,الطباعة,1
ar-en/ar,devtest,ar,والورق,1
ar-en/ar,devtest,ar,والمصنفات,1
ar-en/ar,devtest,ar,الجلود,1
ar-en/ar,devtest,ar,والأحذية,1
ar-en/ar,devtest,ar,الجلدية,1
ar-en/ar,devtest,ar,واستكملت,1
ar-en/ar,devtest,ar,وموناكو،,1
ar-en/ar,devtest,ar,والإنترنت,1
ar-en/ar,devtest,ar,"""الرذيلة"".",1
ar-en/ar,devtest,ar,2028م؛,1
ar-en/ar,devtest,ar,وبنّاءة,1
ar-en/ar,devtest,ar,رفضتها.,1
ar-en/ar,devtest,ar,المقبلةلوقف,1
ar-en/ar,devtest,ar,أيلول/سبتمبر,1
ar-en/ar,devtest,ar,والاعترافات,1
ar-en/ar,devtest,ar,تقديرها,1
ar-en/ar,devtest,ar,واحترامها,1
ar-en/en,dev,en,Genena,14
ar-en/en,dev,en,Sykes-Picot,9
ar-en/en,dev,en,reservation,6
ar-en/en,dev,en,submarines,5
ar-en/en,dev,en,"Wikipedia,",5
ar-en/en,dev,en,Hathaway,5
ar-en/en,dev,en,mill,5
ar-en/en,dev,en,Cypriot,4
ar-en/en,dev,en,Nike,4
ar-en/en,dev,en,infected,4
ar-en/en,dev,en,Goering,4
ar-en/en,dev,en,Minor,4
ar-en/en,dev,en,Sunrise,4
ar-en/en,dev,en,Hail,4
ar-en/en,dev,en,Al-Ghamdi,3
ar-en/en,dev,en,Stream,3
ar-en/en,dev,en,"""Surplus",3
ar-en/en,dev,en,"Sachs,",3
ar-en/en,dev,en,Azza,3
ar-en/en,dev,en,disconnected,3
ar-en/en,dev,en,fixed-income,3
ar-en/en,dev,en,"Paphos,",3
ar-en/en,dev,en,Tsevilyov,3
ar-en/en,dev,en,KKR,3
ar-en/en,dev,en,Mohajerani,3
ar-en/en,dev,en,Osimhen's,3
ar-en/en,dev,en,Galatasaray,3
ar-en/en,dev,en,Pension,3
ar-en/en,dev,en,blueberries,3
ar-en/en,dev,en,world-class,3
ar-en/en,dev,en,Hospitality,3
ar-en/en,dev,en,Marjeh,3
ar-en/en,dev,en,"""arrogance",3
ar-en/en,dev,en,tranche,3
ar-en/en,dev,en,Exynos,3
ar-en/en,dev,en,cyberspace,3
ar-en/en,dev,en,"enhancement""",2
ar-en/en,dev,en,Qualcomm,2
ar-en/en,dev,en,Tsevilev,2
ar-en/en,dev,en,halftime.,2
ar-en/en,dev,en,"XAI,",2
ar-en/en,dev,en,GroWikipedia.,2
ar-en/en,dev,en,Stabilization,2
ar-en/en,dev,en,"Power""",2
ar-en/en,dev,en,deflected,2
ar-en/en,dev,en,Didi,2
ar-en/en,dev,en,leaders',2
ar-en/en,dev,en,retinoids,2
ar-en/en,dev,en,"Suwaidi,",2
ar-en/en,dev,en,"""long",2
ar-en/en,dev,en,BHP,2
ar-en/en,dev,en,Slavia,2
ar-en/en,dev,en,Logistics,2
ar-en/en,dev,en,(Israel,2
ar-en/en,dev,en,Hamas),2
ar-en/en,dev,en,Netshir,2
ar-en/en,dev,en,Zamir,2
ar-en/en,dev,en,"wages,",2
ar-en/en,dev,en,XIA's,2
ar-en/en,dev,en,"""seeking",2
ar-en/en,dev,en,Al-Afaleq,2
ar-en/en,dev,en,"""Retinal""",2
ar-en/en,dev,en,"Kane,",2
ar-en/en,dev,en,Nicholas,2
ar-en/en,dev,en,Fujairah,2
ar-en/en,dev,en,IFR,2
ar-en/en,dev,en,"1916,",2
ar-en/en,dev,en,reductionist,2
ar-en/en,dev,en,"""Does",2
ar-en/en,dev,en,"""Blair",2
ar-en/en,dev,en,"managed,",2
ar-en/en,dev,en,retailers,2
ar-en/en,dev,en,Georgi,2
ar-en/en,dev,en,Mamardashvili,2
ar-en/en,dev,en,Bremer,2
ar-en/en,dev,en,Rail,2
ar-en/en,dev,en,Kompany,2
ar-en/en,dev,en,"well-being,",2
ar-en/en,dev,en,Behaviors:,2
ar-en/en,dev,en,"""Remat",2
ar-en/en,dev,en,Eagles,2
ar-en/en,dev,en,"MidOcean,",2
ar-en/en,dev,en,AIG,2
ar-en/en,dev,en,Shell.,2
ar-en/en,dev,en,Alisson's,2
ar-en/en,dev,en,Al-Saed,2
ar-en/en,dev,en,calculation,2
ar-en/en,dev,en,BMW,2
ar-en/en,dev,en,Asahi,2
ar-en/en,dev,en,allergic,2
ar-en/en,dev,en,20-point,2
ar-en/en,dev,en,"Colorado,",2
ar-en/en,dev,en,"cyberspace,",2
ar-en/en,dev,en,Adeer,2
ar-en/en,dev,en,NCB,2
ar-en/en,dev,en,Hakkanen,2
ar-en/en,dev,en,"""Silicon",2
ar-en/en,dev,en,"95,",2
ar-en/en,dev,en,"Zayed,",2
ar-en/en,dev,en,E.,2
ar-en/en,dev,en,Tilly,2
ar-en/en,dev,en,"Kpler,",2
ar-en/en,dev,en,"mix,",2
ar-en/en,dev,en,3.5-year,2
ar-en/en,dev,en,Halal,2
ar-en/en,dev,en,"""Azhah",2
ar-en/en,dev,en,"""Should",2
ar-en/en,dev,en,Topmüller,2
ar-en/en,dev,en,payloads.,2
ar-en/en,dev,en,7.2%.,2
ar-en/en,dev,en,Saraya,2
ar-en/en,dev,en,optic,2
ar-en/en,dev,en,replaced.,2
ar-en/en,dev,en,"approvals,",2
ar-en/en,dev,en,50-50,2
ar-en/en,dev,en,2600,2
ar-en/en,dev,en,"position.""",2
ar-en/en,dev,en,Really,2
ar-en/en,dev,en,rumors.,2
ar-en/en,dev,en,Blair.,2
ar-en/en,dev,en,68th,2
ar-en/en,dev,en,"KKR,",2
ar-en/en,dev,en,ADNOC's,2
ar-en/en,dev,en,Al-Shaqilab,2
ar-en/en,dev,en,boats.,2
ar-en/en,dev,en,match-up,2
ar-en/en,dev,en,Toyota,2
ar-en/en,dev,en,"""Enhancing",2
ar-en/en,dev,en,Oktoberfest,2
ar-en/en,dev,en,Sukuk,2
ar-en/en,dev,en,Conference's,2
ar-en/en,dev,en,processor.,2
ar-en/en,dev,en,hypercortisolism,2
ar-en/en,dev,en,Para-athletics,1
ar-en/en,dev,en,[her,1
ar-en/en,dev,en,name],1
ar-en/en,dev,en,19.89,1
ar-en/en,dev,en,seconds.,1
ar-en/en,dev,en,"medium-sized,",1
ar-en/en,dev,en,micro-enterprises,1
ar-en/en,dev,en,nets.,1
ar-en/en,dev,en,"""strengthened",1
ar-en/en,dev,en,"vigilance""",1
ar-en/en,dev,en,"barrier,",1
ar-en/en,dev,en,Waterloo,1
ar-en/en,dev,en,juvenile,1
ar-en/en,dev,en,"arthritis,",1
ar-en/en,dev,en,epilepsy.,1
ar-en/en,dev,en,"2.6%,",1
ar-en/en,dev,en,Stream.,1
ar-en/en,dev,en,"Maghreb,",1
ar-en/en,dev,en,Anatolian,1
ar-en/en,dev,en,1919,1
ar-en/en,dev,en,1923.,1
ar-en/en,dev,en,"Turks,",1
ar-en/en,dev,en,BMW's,1
ar-en/en,dev,en,"""chip",1
ar-en/en,dev,en,"insertion""",1
ar-en/en,dev,en,Garnacho,1
ar-en/en,dev,en,(11),1
ar-en/en,dev,en,(17),1
ar-en/en,dev,en,Garnacho's,1
ar-en/en,dev,en,(18).,1
ar-en/en,dev,en,"Municipality,",1
ar-en/en,dev,en,inputting,1
ar-en/en,dev,en,"occurring.""",1
ar-en/en,dev,en,17.23,1
ar-en/en,dev,en,centimeters.,1
ar-en/en,dev,en,"35%,",1
ar-en/en,dev,en,12%.,1
ar-en/en,dev,en,tourism-specific,1
ar-en/en,dev,en,sorrows.,1
ar-en/en,dev,en,Youri,1
ar-en/en,dev,en,Cesar,1
ar-en/en,dev,en,Guilherme,1
ar-en/en,dev,en,Bala's,1
ar-en/en,dev,en,crossbar.,1
ar-en/en,dev,en,"Diaby,",1
ar-en/en,dev,en,counter-attack,1
ar-en/en,dev,en,"Esmat,",1
ar-en/en,dev,en,"demilitarized,",1
ar-en/en,dev,en,Waymo,1
ar-en/en,dev,en,Elena.,1
ar-en/en,dev,en,initiated.,1
ar-en/en,dev,en,"(ISF),",1
ar-en/en,dev,en,"guarantors,",1
ar-en/en,dev,en,emptying,1
ar-en/en,dev,en,Norway’s,1
ar-en/en,dev,en,ADP,1
ar-en/en,dev,en,"""Karbalai",1
ar-en/en,dev,en,"Confrontation,""",1
ar-en/en,dev,en,"""Samson",1
ar-en/en,dev,en,"Choice"":",1
ar-en/en,dev,en,"""On",1
ar-en/en,dev,en,"Lord.""",1
ar-en/en,dev,en,Co.,1
ar-en/en,dev,en,ligament.,1
ar-en/en,dev,en,"cables,",1
ar-en/en,dev,en,Ravi,1
ar-en/en,dev,en,"Jhaveri,",1
ar-en/en,devtest,en,1.147,5
ar-en/en,devtest,en,Non-oil,5
ar-en/en,devtest,en,Navigation,5
ar-en/en,devtest,en,Al-Ula,4
ar-en/en,devtest,en,1.313,4
ar-en/en,devtest,en,counter-cyclical,4
ar-en/en,devtest,en,"1,147",4
ar-en/en,devtest,en,Conte,4
ar-en/en,devtest,en,Koke,4
ar-en/en,devtest,en,1.294,3
ar-en/en,devtest,en,oil-related,3
ar-en/en,devtest,en,Al-Zawraa,3
ar-en/en,devtest,en,"1,313",3
ar-en/en,devtest,en,Manaker,3
ar-en/en,devtest,en,Saint-Georges,3
ar-en/en,devtest,en,"(LNG),",3
ar-en/en,devtest,en,(Israel,3
ar-en/en,devtest,en,"respond,",3
ar-en/en,devtest,en,"Koke,",3
ar-en/en,devtest,en,"Mthethwa,",3
ar-en/en,devtest,en,Danny,3
ar-en/en,devtest,en,AlUla,3
ar-en/en,devtest,en,3.9%,2
ar-en/en,devtest,en,cargos,2
ar-en/en,devtest,en,displacements.,2
ar-en/en,devtest,en,"(PSG),",2
ar-en/en,devtest,en,AD,2
ar-en/en,devtest,en,1.419,2
ar-en/en,devtest,en,"sukuk,",2
ar-en/en,devtest,en,"""Total",2
ar-en/en,devtest,en,$1.25,2
ar-en/en,devtest,en,"Al-Ansari,",2
ar-en/en,devtest,en,"premature,""",2
ar-en/en,devtest,en,countercyclical,2
ar-en/en,devtest,en,"BlackBerry,",2
ar-en/en,devtest,en,4.4%.,2
ar-en/en,devtest,en,6.8%,2
ar-en/en,devtest,en,"jeans""",2
ar-en/en,devtest,en,"1,294",2
ar-en/en,devtest,en,"1,419",2
ar-en/en,devtest,en,Budget's,2
ar-en/en,devtest,en,Auto,2
ar-en/en,devtest,en,"hat-trick,",2
ar-en/en,devtest,en,Pedri,2
ar-en/en,devtest,en,Hamas).,2
ar-en/en,devtest,en,"submit,",2
ar-en/en,devtest,en,"Bruyne,",2
ar-en/en,devtest,en,knockouts),2
ar-en/en,devtest,en,knockouts).,2
ar-en/en,devtest,en,Thibaut,2
ar-en/en,devtest,en,"Danon,",2
ar-en/en,devtest,en,"Montjuïc,",2
ar-en/en,devtest,en,representative),2
ar-en/en,devtest,en,mediation.,2
ar-en/en,devtest,en,scheduling.,2
ar-en/en,devtest,en,"civilizations,",1
ar-en/en,devtest,en,Carl,1
ar-en/en,devtest,en,"Pei,",1
ar-en/en,devtest,en,isolated;,1
ar-en/en,devtest,en,improvement.,1
ar-en/en,devtest,en,"carriers,",1
ar-en/en,devtest,en,$32.9,1
ar-en/en,devtest,en,$27.9,1
ar-en/en,devtest,en,offensively,1
ar-en/en,devtest,en,"defensively,",1
ar-en/en,devtest,en,PSG's,1
ar-en/en,devtest,en,"Ben-Gvir,",1
ar-en/en,devtest,en,Laporta,1
ar-en/en,devtest,en,"""errors,""",1
ar-en/en,devtest,en,"Laporta,",1
ar-en/en,devtest,en,"unprecedented,",1
ar-en/en,devtest,en,cautions.,1
ar-en/en,devtest,en,accordingly;,1
ar-en/en,devtest,en,"printing,",1
ar-en/en,devtest,en,$621,1
ar-en/en,devtest,en,footwear,1
ar-en/en,devtest,en,$62,1
ar-en/en,devtest,en,ostensibly,1
ar-en/en,devtest,en,"""immorality.""",1
ar-en/en,devtest,en,"""Troika""",1
ar-en/en,devtest,en,UK).,1
ar-en/en,devtest,en,"Energies,""",1
ar-en/en,devtest,en,"""Sivi,""",1
ar-en/en,devtest,en,"""Naturgy""",1
ar-en/en,devtest,en,$1.45,1
ar-en/en,devtest,en,61.8%,1
ar-en/en,devtest,en,35.6%,1
ar-en/en,devtest,en,unreasonable.,1
ar-en/en,devtest,en,Shahbaz,1
ar-en/en,devtest,en,"""Joint",1
ar-en/en,devtest,en,directory,1
ar-en/en,devtest,en,scanning,1
ar-en/en,devtest,en,commentators,1
ar-en/en,devtest,en,"84,000",1
ar-en/en,devtest,en,"profession,",1
ar-en/en,devtest,en,"substances.""",1
ar-en/en,devtest,en,"cauterization,",1
ar-en/en,devtest,en,(lumbago).,1
ar-en/en,devtest,en,"quarter-on-quarter,",1
ar-en/en,devtest,en,Litani,1
ar-en/en,devtest,en,border).,1
ar-en/en,devtest,en,Right-Wing,1
ar-en/en,devtest,en,Criticizes,1
ar-en/en,devtest,en,"Plan,",1
ar-en/en,devtest,en,"46,282.63,",1
ar-en/en,devtest,en,"0.08%,",1
ar-en/en,devtest,en,"6,656.19.",1
ar-en/en,devtest,en,"""folk",1
ar-en/en,devtest,en,"healers""",1
ar-en/en,devtest,en,"Al-Sahaula,",1
ar-en/en,devtest,en,"""Mary's",1
ar-en/en,devtest,en,"palm,""",1
ar-en/en,devtest,en,infertility,1
ar-en/en,devtest,en,fertility,1
ar-en/en,devtest,en,"""licorice,""",1
ar-en/en,devtest,en,ailments;,1
ar-en/en,devtest,en,"""cutting",1
ar-en/en,devtest,en,"grass,""",1
ar-en/en,devtest,en,conversations;,1
ar-en/en,devtest,en,Flick.,1
ar-en/en,devtest,en,Cabinet.,1
ar-en/en,devtest,en,"140,000",1
ar-en/en,devtest,en,national-level,1
ar-en/en,devtest,en,Belgians,1
ar-en/en,devtest,en,"prosecutions,",1
ar-en/en,devtest,en,undesirable,1
ar-en/en,devtest,en,5.0%,1
ar-en/en,devtest,en,wand.,1
ar-en/en,devtest,en,"Greenpeace,",1
ar-en/en,devtest,en,$9.5,1
ar-en/en,devtest,en,remitted,1
ar-en/en,devtest,en,"monarchs,",1
ar-en/en,devtest,en,"""Absolutely",1
ar-en/en,devtest,en,clear;,1
ar-en/en,devtest,en,"means.""",1
ar-en/en,devtest,en,responds,1
ar-en/en,devtest,en,"callers,",1
ar-en/en,devtest,en,distractions.,1
ar-en/en,devtest,en,repeating:,1
ar-en/en,devtest,en,Cairo...,1
ar-en/en,devtest,en,"""shorter-than-baggy",1
ar-en/en,devtest,en,"""longer",1
ar-en/en,devtest,en,"""light-colored",1
ar-en/en,devtest,en,"jeans.""",1
ar-en/en,devtest,en,purchasable,1
ar-en/en,devtest,en,burning.,1
ar-en/en,devtest,en,"""amazing",1
ar-en/en,devtest,en,"tales""",1
ar-en/en,devtest,en,"""myths""",1
ar-en/en,devtest,en,Russia-China,1
ar-en/en,devtest,en,reinstates,1
ar-en/en,devtest,en,"refusal,",1
ar-en/en,devtest,en,'snapback',1
ar-en/en,devtest,en,"monopolies,",1
ar-en/en,devtest,en,"examination,",1
ar-en/en,devtest,en,"""critical",1
ar-en/en,devtest,en,"milestone""",1
ar-en/en,devtest,en,Jean-Noël,1
ar-en/en,devtest,en,Barro,1
ar-en/en,devtest,en,noise-cancellation,1
ar-en/en,devtest,en,Reforms.,1
ar-en/en,devtest,en,self-experiment,1
ar-en/en,devtest,en,visuals,1
ar-en/en,devtest,en,"seeking,",1
ar-en/en,devtest,en,prints.,1
ar-en/en,devtest,en,Verratti's,1
ar-en/en,devtest,en,"furious,",1
ar-en/en,devtest,en,salary.,1
ar-en/en,devtest,en,Goals:,1
ar-en/en,devtest,en,Reforms,1
ar-en/en,devtest,en,"""Al-Sharq",1
ar-en/en,devtest,en,"""irrational""",1
ar-en/en,devtest,en,Bruyne's,1
ar-en/en,devtest,en,Siro,1
ar-en/en,devtest,en,Kairat's,1
ar-en/en,devtest,en,"Rodrigo,",1
ar-en/en,devtest,en,substitute.,1
ar-en/en,devtest,en,15-month,1
ar-en/en,devtest,en,14.2%,1
ar-en/en,devtest,en,deficits.,1
ar-en/en,devtest,en,660,1
ar-en/en,devtest,en,"patrols,",1
ar-en/en,devtest,en,"Army,",1
ar-en/en,devtest,en,shake-up,1
ar-en/en,devtest,en,Suarez.,1
ar-en/en,devtest,en,Nord,1
ar-en/en,devtest,en,Stream,1
ar-en/en,devtest,en,Montjuïc,1
ar-en/en,devtest,en,Verratti,1
ar-en/en,devtest,en,"Deportivo"".",1
ar-en/en,devtest,en,83-minute,1
ar-en/en,devtest,en,93rd,1
ar-en/en,devtest,en,marginal.,1
ar-en/en,devtest,en,"Med""",1
ar-en/en,devtest,en,Barrow,1
ar-en/en,devtest,en,"disavowed,",1
ar-en/en,devtest,en,realistic:,1
ar-en/en,devtest,en,"lost,""",1
ar-en/en,devtest,en,excluded.,1
ar-en/en,devtest,en,Deliver,1
ar-hi/ar,dev,ar,جنينة,16
ar-hi/ar,dev,ar,سايكس,8
ar-hi/ar,dev,ar,بيكو,7
ar-hi/ar,dev,ar,"القوة""",6
ar-hi/ar,dev,ar,أوكسيدنتال,5
ar-hi/ar,dev,ar,"""ريمات",4
ar-hi/ar,dev,ar,"للتنمية""",4
ar-hi/ar,dev,ar,يؤخر,4
ar-hi/ar,dev,ar,مصابا,4
ar-hi/ar,dev,ar,والصغيرة,4
ar-hi/ar,dev,ar,"""صن",4
ar-hi/ar,dev,ar,"رايز""",4
ar-hi/ar,dev,ar,"""ماينور""",4
ar-hi/ar,dev,ar,القبرصي,4
ar-hi/ar,dev,ar,"""إل.إن.جي",4
ar-hi/ar,dev,ar,عائمة,4
ar-hi/ar,dev,ar,ردها,4
ar-hi/ar,dev,ar,"أوشن""",4
ar-hi/ar,dev,ar,بتروليوم,3
ar-hi/ar,dev,ar,العفالق،,3
ar-hi/ar,dev,ar,المشغلة,3
ar-hi/ar,dev,ar,مطحنة,3
ar-hi/ar,dev,ar,شخصياً،,3
ar-hi/ar,dev,ar,حائل,3
ar-hi/ar,dev,ar,سيارةً,3
ar-hi/ar,dev,ar,فندقًا,3
ar-hi/ar,dev,ar,"""الريتينال""",3
ar-hi/ar,dev,ar,للبشرة,3
ar-hi/ar,dev,ar,"كندا""",3
ar-hi/ar,dev,ar,إكسينوس,3
ar-hi/ar,dev,ar,"""غطرسة",3
ar-hi/ar,dev,ar,الحجز،,3
ar-hi/ar,dev,ar,وأبوظبي,3
ar-hi/ar,dev,ar,كلنا,3
ar-hi/ar,dev,ar,المعاودة,3
ar-hi/ar,dev,ar,ملحوظا،,3
ar-hi/ar,dev,ar,ومتناهية,3
ar-hi/ar,dev,ar,للانسحاب,3
ar-hi/ar,dev,ar,"الأمد""",3
ar-hi/ar,dev,ar,المفاوضين,3
ar-hi/ar,dev,ar,العُماني,3
ar-hi/ar,dev,ar,المكتسبات,3
ar-hi/ar,dev,ar,وشريحة,3
ar-hi/ar,dev,ar,"""ويكيبيديا""",3
ar-hi/ar,dev,ar,درهم.,3
ar-hi/ar,dev,ar,الآجال,3
ar-hi/ar,dev,ar,"""نيوز",3
ar-hi/ar,dev,ar,الموسوعة,3
ar-hi/ar,dev,ar,أمهل,3
ar-hi/ar,dev,ar,"""ميد",3
ar-hi/ar,dev,ar,"التركي""",3
ar-hi/ar,dev,ar,الصغر,3
ar-hi/ar,dev,ar,أوسيمين,3
ar-hi/ar,dev,ar,سراي,3
ar-hi/ar,dev,ar,تسيفيليوف،,2
ar-hi/ar,dev,ar,هوجو,2
ar-hi/ar,dev,ar,وداو,2
ar-hi/ar,dev,ar,الفنلندي،,2
ar-hi/ar,dev,ar,جاكسون,2
ar-hi/ar,dev,ar,الدقائق,2
ar-hi/ar,dev,ar,يوميا،,2
ar-hi/ar,dev,ar,المناعة،,2
ar-hi/ar,dev,ar,أظهروا,2
ar-hi/ar,dev,ar,وانخفاضًا,2
ar-hi/ar,dev,ar,1916،,2
ar-hi/ar,dev,ar,توبمولر,2
ar-hi/ar,dev,ar,تعثره,2
ar-hi/ar,dev,ar,يفض,2
ar-hi/ar,dev,ar,العدوى،,2
ar-hi/ar,dev,ar,هاكانن,2
ar-hi/ar,dev,ar,المتّحدة.,2
ar-hi/ar,dev,ar,للأعلاف,2
ar-hi/ar,dev,ar,وازدهار,2
ar-hi/ar,dev,ar,الدولارية،,2
ar-hi/ar,dev,ar,فتمثلت,2
ar-hi/ar,dev,ar,لوتنيك:,2
ar-hi/ar,dev,ar,السعد،,2
ar-hi/ar,dev,ar,إلكترون,2
ar-hi/ar,dev,ar,"بنك"".",2
ar-hi/ar,dev,ar,الأيمن،,2
ar-hi/ar,dev,ar,مامارداشفيلي,2
ar-hi/ar,dev,ar,بديلا,2
ar-hi/ar,dev,ar,56.,2
ar-hi/ar,dev,ar,أرطاوي,2
ar-hi/ar,dev,ar,شرطيان,2
ar-hi/ar,dev,ar,أينتراخت,2
ar-hi/ar,dev,ar,واترلو:,2
ar-hi/ar,dev,ar,المُقاس,2
ar-hi/ar,dev,ar,بمشاكل,2
ar-hi/ar,dev,ar,سهماً,2
ar-hi/ar,dev,ar,الصرففي,2
ar-hi/ar,dev,ar,يلف,2
ar-hi/ar,dev,ar,ميد,2
ar-hi/ar,dev,ar,سلافيا,2
ar-hi/ar,dev,ar,صليبي،,2
ar-hi/ar,dev,ar,الكراسي,2
ar-hi/ar,dev,ar,الشقيلاب,2
ar-hi/ar,dev,ar,تحاصر,2
ar-hi/ar,dev,ar,مقتصرة,2
ar-hi/ar,dev,ar,بخماسية,2
ar-hi/ar,dev,ar,"""قوة",2
ar-hi/ar,dev,ar,"مؤقتة""،",2
ar-hi/ar,dev,ar,وعضوية,2
ar-hi/ar,dev,ar,مفوضا,2
ar-hi/ar,dev,ar,ماسك.,2
ar-hi/ar,dev,ar,ماكدونالد,2
ar-hi/ar,dev,ar,أداءها,2
ar-hi/ar,dev,ar,"""تويوتا""",2
ar-hi/ar,dev,ar,"و""فولكس",2
ar-hi/ar,dev,ar,"فاغن"".",2
ar-hi/ar,dev,ar,متوقعةً,2
ar-hi/ar,dev,ar,الحجز.,2
ar-hi/ar,dev,ar,"""محافظ",2
ar-hi/ar,dev,ar,"الاستحقاق""",2
ar-hi/ar,dev,ar,الربعي,2
ar-hi/ar,dev,ar,والتطلعات,2
ar-hi/ar,dev,ar,دأب,2
ar-hi/ar,dev,ar,أدركا,2
ar-hi/ar,dev,ar,بتزويد,2
ar-hi/ar,dev,ar,الفجيرة,2
ar-hi/ar,dev,ar,جنيها،,2
ar-hi/ar,dev,ar,الوزارتان,2
ar-hi/ar,dev,ar,بيكو،,2
ar-hi/ar,dev,ar,"لـ""العربية/الحدث""",2
ar-hi/ar,dev,ar,السرايا,2
ar-hi/ar,dev,ar,المرجة,2
ar-hi/ar,dev,ar,ومعلمًا,2
ar-hi/ar,dev,ar,مينيرال,2
ar-hi/ar,dev,ar,"ريسورسز""",2
ar-hi/ar,dev,ar,23%,2
ar-hi/ar,dev,ar,مينيرفاجراخت,2
ar-hi/ar,dev,ar,بطلتنا,2
ar-hi/ar,dev,ar,النوويةالتي,2
ar-hi/ar,dev,ar,النازيين,2
ar-hi/ar,dev,ar,"""الكونغرس""",2
ar-hi/ar,dev,ar,الاتفاقيتان,2
ar-hi/ar,dev,ar,"القابضة""،",2
ar-hi/ar,dev,ar,لويكيبيديا,2
ar-hi/ar,dev,ar,"""إكس.أيه.أي""،",2
ar-hi/ar,dev,ar,معلنا,2
ar-hi/ar,dev,ar,"""كوفيد",2
ar-hi/ar,dev,ar,تقلبًا,2
ar-hi/ar,dev,ar,غللو,2
ar-hi/ar,dev,ar,عربية.,2
ar-hi/ar,dev,ar,الواعدة،,2
ar-hi/ar,dev,ar,يجسّد,2
ar-hi/ar,dev,ar,البلطيق،,2
ar-hi/ar,dev,ar,اليدين,2
ar-hi/ar,dev,ar,اللوجستية.,2
ar-hi/ar,dev,ar,بريمر,2
ar-hi/ar,dev,ar,للدقيق,2
ar-hi/ar,dev,ar,منحاز,2
ar-hi/ar,dev,ar,المرض،,2
ar-hi/ar,dev,ar,الثانوي،,2
ar-hi/ar,dev,ar,"""درع",2
ar-hi/ar,dev,ar,"""تحسنا",2
ar-hi/ar,dev,ar,"هائلا""",2
ar-hi/ar,dev,ar,وبعائد,2
ar-hi/ar,dev,ar,5.25,2
ar-hi/ar,dev,ar,أسبوعيا,2
ar-hi/ar,dev,ar,تشليسي,2
ar-hi/ar,dev,ar,إيال,2
ar-hi/ar,dev,ar,زامير،,2
ar-hi/ar,dev,ar,بمقاتلي,2
ar-hi/ar,dev,ar,"أحرونوت"".",2
ar-hi/ar,dev,ar,"""أكتوبرفست""",2
ar-hi/ar,dev,ar,بمهرجان,2
ar-hi/ar,dev,ar,وأحجمت,2
ar-hi/ar,dev,ar,بتروناس,2
ar-hi/ar,dev,ar,احترازي.,2
ar-hi/ar,dev,ar,"""الريتينول""",2
ar-hi/ar,dev,ar,وملخصًا,2
ar-hi/ar,dev,ar,8.1%,2
ar-hi/ar,dev,ar,الساعد،,2
ar-hi/ar,dev,ar,ضعيفاً،,2
ar-hi/ar,dev,ar,بالسكك,2
ar-hi/ar,dev,ar,"الرياض""،",2
ar-hi/ar,dev,ar,كيه.كيه.آر,2
ar-hi/ar,dev,ar,وسدد,2
ar-hi/ar,dev,ar,السيبرانية:,2
ar-hi/ar,dev,ar,الكورتيزول؛,2
ar-hi/ar,dev,ar,ديدي,2
ar-hi/ar,dev,ar,خطي,2
ar-hi/ar,dev,ar,طرفين,2
ar-hi/ar,dev,ar,يوب,2
ar-hi/ar,dev,ar,أمامية,2
ar-hi/ar,dev,ar,الحارة.,2
ar-hi/ar,dev,ar,القاسية.,2
ar-hi/ar,dev,ar,بترايوس,2
ar-hi/ar,dev,ar,والحرص,2
ar-hi/ar,dev,ar,"""كيه.كيه.آر""،",2
ar-hi/ar,dev,ar,68،,2
ar-hi/ar,dev,ar,ويكيبيديا،,2
ar-hi/ar,dev,ar,إيكيتيكي,2
ar-hi/ar,dev,ar,وإطالة,2
ar-hi/ar,dev,ar,والملخص,2
ar-hi/ar,dev,ar,كرسيه,2
ar-hi/ar,dev,ar,النقوش,2
ar-hi/ar,dev,ar,1-صفر,2
ar-hi/ar,dev,ar,نقاط.,2
ar-hi/ar,devtest,ar,التمهيدي,9
ar-hi/ar,devtest,ar,للأنشطة,8
ar-hi/ar,devtest,ar,التوسعي,7
ar-hi/ar,devtest,ar,أمهل,7
ar-hi/ar,devtest,ar,1.147,5
ar-hi/ar,devtest,ar,النفطية.,5
ar-hi/ar,devtest,ar,كوكي,5
ar-hi/ar,devtest,ar,بيدري,5
ar-hi/ar,devtest,ar,الجحيم,5
ar-hi/ar,devtest,ar,ومصيراً,5
ar-hi/ar,devtest,ar,1.313,4
ar-hi/ar,devtest,ar,المتوسط؛,4
ar-hi/ar,devtest,ar,1147,4
ar-hi/ar,devtest,ar,والمدى,4
ar-hi/ar,devtest,ar,كونتي,4
ar-hi/ar,devtest,ar,ينيبه,4
ar-hi/ar,devtest,ar,قاتماً.,4
ar-hi/ar,devtest,ar,للرد،,4
ar-hi/ar,devtest,ar,تفعل،,4
ar-hi/ar,devtest,ar,فستقوم,4
ar-hi/ar,devtest,ar,"يلزم""،",4
ar-hi/ar,devtest,ar,"إنرجيز""",4
ar-hi/ar,devtest,ar,بالضربة,4
ar-hi/ar,devtest,ar,المُعترفة,4
ar-hi/ar,devtest,ar,أطرها,4
ar-hi/ar,devtest,ar,1313,3
ar-hi/ar,devtest,ar,الزوراء,3
ar-hi/ar,devtest,ar,مبابي،,3
ar-hi/ar,devtest,ar,1.294,3
ar-hi/ar,devtest,ar,(إسرائيل,3
ar-hi/ar,devtest,ar,وحماس).,3
ar-hi/ar,devtest,ar,"""جرين",3
ar-hi/ar,devtest,ar,"بيس""",3
ar-hi/ar,devtest,ar,المسال،,3
ar-hi/ar,devtest,ar,للحل،,3
ar-hi/ar,devtest,ar,وبعجز,3
ar-hi/ar,devtest,ar,ترحيبها,3
ar-hi/ar,devtest,ar,ماناكر,3
ar-hi/ar,devtest,ar,والموجّه,3
ar-hi/ar,devtest,ar,مينديز,3
ar-hi/ar,devtest,ar,4.6%,3
ar-hi/ar,devtest,ar,دانون،,3
ar-hi/ar,devtest,ar,ستنهي,3
ar-hi/ar,devtest,ar,وتستعيد,3
ar-hi/ar,devtest,ar,ستصعّد,3
ar-hi/ar,devtest,ar,"""لدى",3
ar-hi/ar,devtest,ar,التدشين,2
ar-hi/ar,devtest,ar,والمائية،,2
ar-hi/ar,devtest,ar,والمعالجة,2
ar-hi/ar,devtest,ar,لمحاولات,2
ar-hi/ar,devtest,ar,والبناء.,2
ar-hi/ar,devtest,ar,1294,2
ar-hi/ar,devtest,ar,1419,2
ar-hi/ar,devtest,ar,والصكوك,2
ar-hi/ar,devtest,ar,والقروض,2
ar-hi/ar,devtest,ar,الجعيد،,2
ar-hi/ar,devtest,ar,للتطورات,2
ar-hi/ar,devtest,ar,"""تنتظر",2
ar-hi/ar,devtest,ar,السلام..,2
ar-hi/ar,devtest,ar,وسلوكاً,2
ar-hi/ar,devtest,ar,"الحركة""،",2
ar-hi/ar,devtest,ar,مرايا,2
ar-hi/ar,devtest,ar,والحرص,2
ar-hi/ar,devtest,ar,(فرنسا،,2
ar-hi/ar,devtest,ar,الجدعان,2
ar-hi/ar,devtest,ar,ومدعومة,2
ar-hi/ar,devtest,ar,معتبرة،,2
ar-hi/ar,devtest,ar,للصدمات,2
ar-hi/ar,devtest,ar,الطارئة.,2
ar-hi/ar,devtest,ar,فاعلًا,2
ar-hi/ar,devtest,ar,والطويل؛,2
ar-hi/ar,devtest,ar,ومحددات,2
ar-hi/ar,devtest,ar,4.4%،,2
ar-hi/ar,devtest,ar,بيري،,2
ar-hi/ar,devtest,ar,للغاز،,2
ar-hi/ar,devtest,ar,1.25,2
ar-hi/ar,devtest,ar,"""منفتحة",2
ar-hi/ar,devtest,ar,ثوابتها,2
ar-hi/ar,devtest,ar,والموجَّه,2
ar-hi/ar,devtest,ar,الكيرسيتين،,2
ar-hi/ar,devtest,ar,التأكسدي,2
ar-hi/ar,devtest,ar,بالخطة،,2
ar-hi/ar,devtest,ar,تيبو,2
ar-hi/ar,devtest,ar,بديلا,2
ar-hi/ar,devtest,ar,إسرائيل)،,2
ar-hi/ar,devtest,ar,1.419,2
ar-hi/ar,devtest,ar,التحولي،,2
ar-hi/ar,devtest,ar,مُتفق,2
ar-hi/ar,devtest,ar,فيراتي,2
ar-hi/ar,devtest,ar,بارتوميو،,2
ar-hi/ar,devtest,ar,ونصت,2
ar-hi/ar,devtest,ar,بُعد.,2
ar-hi/ar,devtest,ar,المدمر،,2
ar-hi/ar,devtest,ar,الماضيتين،,2
ar-hi/ar,devtest,ar,مطبق،,2
ar-hi/ar,devtest,ar,وتكراراً.,2
ar-hi/ar,devtest,ar,ترامب،حركة,2
ar-hi/ar,devtest,ar,حماس4,2
ar-hi/ar,devtest,ar,قاتماً،,2
ar-hi/ar,devtest,ar,لاقتصاديات,2
ar-hi/ar,devtest,ar,الشمري,2
ar-hi/ar,devtest,ar,"بـ""التافه",2
ar-hi/ar,devtest,ar,"الشكوى""",2
ar-hi/ar,devtest,ar,بوتر،,2
ar-hi/ar,devtest,ar,عصاه,2
ar-hi/ar,devtest,ar,توقعتوزارة,2
ar-hi/ar,devtest,ar,السعوديةأن,2
ar-hi/ar,devtest,ar,بزميله,2
ar-hi/ar,devtest,ar,ومواطنيها,2
ar-hi/ar,devtest,ar,مونتجويك،,2
ar-hi/ar,devtest,ar,الصاع,2
ar-hi/ar,devtest,ar,وتشديد,2
ar-hi/ar,devtest,ar,ولكون,2
ar-hi/ar,devtest,ar,استباقي؛,2
ar-hi/ar,devtest,ar,طبيعيًا,2
ar-hi/ar,devtest,ar,النزال,2
ar-hi/ar,devtest,ar,القاضية),2
ar-hi/ar,devtest,ar,القاضية).,2
ar-hi/ar,devtest,ar,"""الوقت",2
ar-hi/ar,devtest,ar,"للرد""،",2
ar-hi/ar,devtest,ar,دكتورة,2
ar-hi/ar,devtest,ar,وجهودها,2
ar-hi/ar,devtest,ar,للتباحث,2
ar-hi/ar,devtest,ar,مثيثوا,2
ar-hi/ar,devtest,ar,ترامببشأن,2
ar-hi/ar,devtest,ar,والسلوكيات,2
ar-hi/ar,devtest,ar,"لـ""وزارة",2
ar-hi/ar,devtest,ar,"والفصائل"".",2
ar-hi/ar,devtest,ar,"""مدروس""",1
ar-hi/ar,devtest,ar,وسطه,1
ar-hi/ar,devtest,ar,هرنانديز,1
ar-hi/ar,devtest,ar,كاتالونيا,1
ar-hi/ar,devtest,ar,إيبار,1
ar-hi/ar,devtest,ar,المتواضع,1
ar-hi/ar,devtest,ar,التمريرات,1
ar-hi/ar,devtest,ar,(122),1
ar-hi/ar,devtest,ar,المتدفق,1
ar-hi/ar,devtest,ar,إلىالأردنخلال,1
ar-hi/ar,devtest,ar,36.4%,1
ar-hi/ar,devtest,ar,1.05,1
ar-hi/ar,devtest,ar,-كما,1
ar-hi/ar,devtest,ar,أصدقائهم-,1
ar-hi/ar,devtest,ar,الفلاتر,1
ar-hi/ar,devtest,ar,لتنقيح,1
ar-hi/ar,devtest,ar,المقاس,1
ar-hi/ar,devtest,ar,هذ,1
ar-hi/ar,devtest,ar,ولترسيخ,1
ar-hi/ar,devtest,ar,يُخفى.,1
ar-hi/ar,devtest,ar,للدول،,1
ar-hi/ar,devtest,ar,وتخضع,1
ar-hi/ar,devtest,ar,لقوانينها,1
ar-hi/ar,devtest,ar,الطباعة,1
ar-hi/ar,devtest,ar,والورق,1
ar-hi/ar,devtest,ar,والمصنفات,1
ar-hi/ar,devtest,ar,الجلود,1
ar-hi/ar,devtest,ar,والأحذية,1
ar-hi/ar,devtest,ar,الجلدية,1
ar-hi/ar,devtest,ar,وتمضي,1
ar-hi/ar,devtest,ar,تشجير,1
ar-hi/ar,devtest,ar,مدروس،,1
ar-hi/ar,devtest,ar,مناطقها،,1
ar-hi/ar,devtest,ar,والعواصف,1
ar-hi/ar,devtest,ar,الغبارية،,1
ar-hi/ar,devtest,ar,الإضافات,1
ar-hi/ar,devtest,ar,أوتو,1
ar-hi/ar,devtest,ar,المشتتة.,1
ar-hi/ar,devtest,ar,عجزاً,1
ar-hi/ar,devtest,ar,165,1
ar-hi/ar,devtest,ar,سيبلغ,1
ar-hi/ar,devtest,ar,(يويفا)،,1
ar-hi/ar,devtest,ar,الرياضي.,1
ar-hi/ar,devtest,ar,التمهيديللميزانية,1
ar-hi/ar,devtest,ar,السعوديةللعام,1
ar-hi/ar,devtest,ar,السواحة,1
ar-hi/ar,devtest,ar,الجماعي؛,1
ar-hi/ar,devtest,ar,وعربية,1
ar-hi/ar,devtest,ar,بالمقترح،,1
ar-hi/ar,devtest,ar,والأوصاف,1
ar-hi/ar,devtest,ar,بحثهم.,1
ar-hi/ar,devtest,ar,موجها,1
ar-hi/ar,devtest,ar,المقبلةلوقف,1
ar-hi/ar,devtest,ar,دولته،,1
ar-hi/ar,devtest,ar,للشعبين,1
ar-hi/ar,devtest,ar,والإسرائيلي.,1
ar-hi/ar,devtest,ar,"""الاتصال",1
ar-hi/ar,devtest,ar,الطبيعية)،,1
ar-hi/ar,devtest,ar,انقطاعا,1
ar-hi/ar,devtest,ar,"شاملا""،",1
ar-hi/ar,devtest,ar,"""نتبلوكس""",1
ar-hi/ar,devtest,ar,مطول,1
ar-hi/ar,devtest,ar,مدوّ,1
ar-hi/ar,devtest,ar,وإغفال...,1
ar-hi/ar,devtest,ar,دروس,1
ar-hi/ar,devtest,ar,ستبحث,1
ar-hi/ar,devtest,ar,تٌعقد,1
ar-hi/ar,devtest,ar,بالعلا,1
ar-hi/ar,devtest,ar,التعددية,1
ar-hi/ar,devtest,ar,التشرذم,1
ar-hi/ar,devtest,ar,والأزمات.,1
ar-hi/ar,devtest,ar,بالعُلا،,1
ar-hi/hi,dev,hi,साइक्स-पिकोट,10
ar-hi/hi,dev,hi,केकेआर,5
ar-hi/hi,dev,hi,ब्लूबेरी,4
ar-hi/hi,dev,hi,गोअरिंग,4
ar-hi/hi,dev,hi,नाइकी,4
ar-hi/hi,dev,hi,सनराइज,4
ar-hi/hi,dev,hi,माइनर,4
ar-hi/hi,dev,hi,शेल,4
ar-hi/hi,dev,hi,रिकॉल,4
ar-hi/hi,dev,hi,"अहंकार""",4
ar-hi/hi,dev,hi,कूदने,4
ar-hi/hi,dev,hi,बीएचपी,4
ar-hi/hi,dev,hi,किश्त,4
ar-hi/hi,dev,hi,कुर्सी,4
ar-hi/hi,dev,hi,त्सेविल्योव,3
ar-hi/hi,dev,hi,हक्कानेन,3
ar-hi/hi,dev,hi,अल-अफालेक,3
ar-hi/hi,dev,hi,टॉपमुलर,3
ar-hi/hi,dev,hi,बीएमडब्ल्यू,3
ar-hi/hi,dev,hi,टिली,3
ar-hi/hi,dev,hi,हॉस्पिटैलिटी,3
ar-hi/hi,dev,hi,वाटरलू,3
ar-hi/hi,dev,hi,Exynos,3
ar-hi/hi,dev,hi,50-50,3
ar-hi/hi,dev,hi,ज़मीर,3
ar-hi/hi,dev,hi,ओकट्रैफेस्ट,3
ar-hi/hi,dev,hi,रेटिनल,3
ar-hi/hi,dev,hi,मोहजेरानी,3
ar-hi/hi,dev,hi,"शक्ति""",3
ar-hi/hi,dev,hi,एकिटिकी,3
ar-hi/hi,dev,hi,ओसिम्हेन,3
ar-hi/hi,dev,hi,गैलाटसराय,3
ar-hi/hi,dev,hi,रेटिनोइड,3
ar-hi/hi,dev,hi,जैक्सन,2
ar-hi/hi,dev,hi,एनसीबी,2
ar-hi/hi,dev,hi,एलर्जी,2
ar-hi/hi,dev,hi,केप्लर,2
ar-hi/hi,dev,hi,ईगल्स,2
ar-hi/hi,dev,hi,योद्धा,2
ar-hi/hi,dev,hi,जॉर्जी,2
ar-hi/hi,dev,hi,ममार्दशविली,2
ar-hi/hi,dev,hi,शेवरॉन,2
ar-hi/hi,dev,hi,रिक्त,2
ar-hi/hi,dev,hi,बावजूद।,2
ar-hi/hi,dev,hi,त्सेविलेव,2
ar-hi/hi,dev,hi,"""रेटिनल""",2
ar-hi/hi,dev,hi,एआईजी,2
ar-hi/hi,dev,hi,एम्स्टर्डम,2
ar-hi/hi,dev,hi,स्लाविया,2
ar-hi/hi,dev,hi,अल-शकीलाब,2
ar-hi/hi,dev,hi,मैच-अप,2
ar-hi/hi,dev,hi,सेंटीमीटर,2
ar-hi/hi,dev,hi,मैकडोनाल्ड,2
ar-hi/hi,dev,hi,सुवैदी,2
ar-hi/hi,dev,hi,फुजैराह,2
ar-hi/hi,dev,hi,"""संघीय",2
ar-hi/hi,dev,hi,मार्जेह,2
ar-hi/hi,dev,hi,सराया,2
ar-hi/hi,dev,hi,(आंतरिक,2
ar-hi/hi,dev,hi,"""ब्लेयर",2
ar-hi/hi,dev,hi,रिसोर्सेज,2
ar-hi/hi,dev,hi,एस्मत,2
ar-hi/hi,dev,hi,घटनी,2
ar-hi/hi,dev,hi,प्रशिक्षुओं,2
ar-hi/hi,dev,hi,ग्रोविकिपीडिया,2
ar-hi/hi,dev,hi,ब्रेमर,2
ar-hi/hi,dev,hi,2600,2
ar-hi/hi,dev,hi,वेमो,2
ar-hi/hi,dev,hi,"सीओवीआईडी""",2
ar-hi/hi,dev,hi,"शील्ड""",2
ar-hi/hi,dev,hi,पक्षधर,2
ar-hi/hi,dev,hi,न्यूज़नेशन,2
ar-hi/hi,dev,hi,ताइपे,2
ar-hi/hi,dev,hi,जेरूसलम,2
ar-hi/hi,dev,hi,पेट्रोनास,2
ar-hi/hi,dev,hi,"""रेमत",2
ar-hi/hi,dev,hi,"मिडओसियन,",2
ar-hi/hi,dev,hi,द्रवीकरण,2
ar-hi/hi,dev,hi,हाफटाइम,2
ar-hi/hi,dev,hi,डीआईडीआई,2
ar-hi/hi,dev,hi,2.19%,2
ar-hi/hi,dev,hi,ऑप्टिक,2
ar-hi/hi,dev,hi,"रेल""",2
ar-hi/hi,dev,hi,इतामर,2
ar-hi/hi,dev,hi,न्यूनीकरणवादी,2
ar-hi/hi,dev,hi,68वें,2
ar-hi/hi,dev,hi,"सारांश,",2
ar-hi/hi,dev,hi,नेत्शिर,2
ar-hi/hi,dev,hi,असाही,2
ar-hi/hi,dev,hi,(इज़राइल,2
ar-hi/hi,dev,hi,हमास),2
ar-hi/hi,dev,hi,दीदी,2
ar-hi/hi,dev,hi,20-सूत्रीय,2
ar-hi/hi,dev,hi,"""साइबरस्पेस",2
ar-hi/hi,dev,hi,"बढ़ाना""",2
ar-hi/hi,dev,hi,"""अधिशेष",2
ar-hi/hi,dev,hi,समझना:,2
ar-hi/hi,dev,hi,"""अज़ह",2
ar-hi/hi,dev,hi,आईएफआर,2
ar-hi/hi,dev,hi,XIA,2
ar-hi/hi,dev,hi,"""सर्वोत्तम",2
ar-hi/hi,dev,hi,"तलाश""",2
ar-hi/hi,dev,hi,अज़्ज़ा,2
ar-hi/hi,dev,hi,संविधानों,2
ar-hi/hi,dev,hi,"ओशन""",2
ar-hi/hi,dev,hi,गार्नाचो,2
ar-hi/hi,dev,hi,गीस्लर,2
ar-hi/hi,dev,hi,"हुआ,""",1
ar-hi/hi,dev,hi,"""मैच",1
ar-hi/hi,dev,hi,ALEC,1
ar-hi/hi,dev,hi,अप,1
ar-hi/hi,dev,hi,"दरें,",1
ar-hi/hi,dev,hi,पुअर्स,1
ar-hi/hi,dev,hi,एंट्टी,1
ar-hi/hi,dev,hi,"""हाइब्रिड""",1
ar-hi/hi,dev,hi,बढ़ी;,1
ar-hi/hi,dev,hi,"15वें,",1
ar-hi/hi,dev,hi,"20वें,",1
ar-hi/hi,dev,hi,"केन,",1
ar-hi/hi,dev,hi,ग्युरेरो,1
ar-hi/hi,dev,hi,"""सितंबर",1
ar-hi/hi,dev,hi,उठना,1
ar-hi/hi,dev,hi,"""स्मार्ट""",1
ar-hi/hi,dev,hi,कोटिंग्स,1
ar-hi/hi,dev,hi,"""सभ्यता",1
ar-hi/hi,dev,hi,"3,842",1
ar-hi/hi,dev,hi,"3,872",1
ar-hi/hi,dev,hi,रुमैला,1
ar-hi/hi,dev,hi,एलेगनी,1
ar-hi/hi,dev,hi,11.6,1
ar-hi/hi,dev,hi,$344,1
ar-hi/hi,dev,hi,239.9,1
ar-hi/hi,dev,hi,2.585,1
ar-hi/hi,dev,hi,बर्ट्रेंड,1
ar-hi/hi,dev,hi,बैडी,1
ar-hi/hi,dev,hi,चरण।,1
ar-hi/hi,dev,hi,कोऑर्डिनेशन,1
ar-hi/hi,dev,hi,"""रशान",1
ar-hi/hi,dev,hi,"डॉल""",1
ar-hi/hi,dev,hi,​​लक्षणों,1
ar-hi/hi,dev,hi,सुमित,1
ar-hi/hi,dev,hi,रेटुलिया,1
ar-hi/hi,dev,hi,रिफाइनरियां,1
ar-hi/hi,dev,hi,जाफुराह,1
ar-hi/hi,dev,hi,(ब्लैकरॉक,1
ar-hi/hi,dev,hi,(एएसपीईडीएस),1
ar-hi/hi,dev,hi,नाविक,1
ar-hi/hi,dev,hi,अघोषित,1
ar-hi/hi,dev,hi,"दृष्टिकोण""",1
ar-hi/hi,dev,hi,"बास्केटबॉल,",1
ar-hi/hi,dev,hi,वॉलीबॉल,1
ar-hi/hi,dev,hi,नामकरण,1
ar-hi/hi,dev,hi,4.86,1
ar-hi/hi,dev,hi,347,1
ar-hi/hi,dev,hi,मनमोहक,1
ar-hi/hi,dev,hi,"""अरबी""",1
ar-hi/hi,dev,hi,चाकूबाजी,1
ar-hi/hi,dev,hi,97.584,1
ar-hi/hi,dev,hi,97.635,1
ar-hi/hi,dev,hi,"मार्ग""",1
ar-hi/hi,dev,hi,रोसनेफ्ट,1
ar-hi/hi,dev,hi,कल्पनाशील,1
ar-hi/hi,dev,hi,"DEWA,",1
ar-hi/hi,dev,hi,"​​SALIC,",1
ar-hi/hi,dev,hi,पार्किन,1
ar-hi/hi,dev,hi,कोर्श,1
ar-hi/hi,dev,hi,"सौंपा,",1
ar-hi/hi,dev,hi,बुद्धिमानीपूर्ण,1
ar-hi/hi,dev,hi,प्राधिकार,1
ar-hi/hi,dev,hi,होते!,1
ar-hi/hi,dev,hi,रेमत,1
ar-hi/hi,dev,hi,"सुशासन,",1
ar-hi/hi,dev,hi,त्ज़ु,1
ar-hi/hi,dev,hi,"""विजयी",1
ar-hi/hi,dev,hi,"प्रतिभा""",1
ar-hi/hi,dev,hi,टोकई,1
ar-hi/hi,dev,hi,शॉटारो,1
ar-hi/hi,dev,hi,यासुदा,1
ar-hi/hi,dev,hi,बेचे।,1
ar-hi/hi,dev,hi,557.9,1
ar-hi/hi,dev,hi,आईएमएफ-अनिवार्य,1
ar-hi/hi,dev,hi,जर्मेन,1
ar-hi/hi,dev,hi,फ्रिम्पोंग,1
ar-hi/hi,dev,hi,"सैक्स,",1
ar-hi/hi,dev,hi,"एचएसबीसी,",1
ar-hi/hi,dev,hi,बुकरनर,1
ar-hi/hi,dev,hi,एबीबी,1
ar-hi/hi,dev,hi,नाइके,1
ar-hi/hi,dev,hi,चिप-निर्माण,1
ar-hi/hi,dev,hi,27.6%,1
ar-hi/hi,dev,hi,रिकॉर्ड-ब्रेकिंग,1
ar-hi/hi,dev,hi,तिथि),1
ar-hi/hi,dev,hi,गैर-प्राथमिक,1
ar-hi/hi,dev,hi,उप-सर्वरों,1
ar-hi/hi,dev,hi,0.56%,1
ar-hi/hi,dev,hi,"36,979",1
ar-hi/hi,dev,hi,समान-भारित,1
ar-hi/hi,dev,hi,0.38%,1
ar-hi/hi,dev,hi,"11,060",1
ar-hi/hi,dev,hi,0.39%,1
ar-hi/hi,devtest,hi,कोक,7
ar-hi/hi,devtest,hi,1.147,5
ar-hi/hi,devtest,hi,1.313,4
ar-hi/hi,devtest,hi,"1,147",4
ar-hi/hi,devtest,hi,प्रति-चक्रीय,4
ar-hi/hi,devtest,hi,अल-ज़वरा,4
ar-hi/hi,devtest,hi,नॉकआउट),4
ar-hi/hi,devtest,hi,"1,313",3
ar-hi/hi,devtest,hi,अल-जैद,3
ar-hi/hi,devtest,hi,ब्लैकबेरी,3
ar-hi/hi,devtest,hi,1.294,3
ar-hi/hi,devtest,hi,(इज़राइल,3
ar-hi/hi,devtest,hi,हमास),3
ar-hi/hi,devtest,hi,मानेकर,3
ar-hi/hi,devtest,hi,कॉन्टे,3
ar-hi/hi,devtest,hi,दिलाई।,3
ar-hi/hi,devtest,hi,मेंडेस,3
ar-hi/hi,devtest,hi,डैनी,3
ar-hi/hi,devtest,hi,डैनन,3
ar-hi/hi,devtest,hi,"जींस""",3
ar-hi/hi,devtest,hi,मिडफ़ील्ड,2
ar-hi/hi,devtest,hi,"1,294",2
ar-hi/hi,devtest,hi,"1,419",2
ar-hi/hi,devtest,hi,3.9%,2
ar-hi/hi,devtest,hi,हैट-ट्रिक,2
ar-hi/hi,devtest,hi,बदरान,2
ar-hi/hi,devtest,hi,प्रतिचक्रीय,2
ar-hi/hi,devtest,hi,(पीएसजी),2
ar-hi/hi,devtest,hi,कोर्टोइस,2
ar-hi/hi,devtest,hi,1.419,2
ar-hi/hi,devtest,hi,बार्टोमू,2
ar-hi/hi,devtest,hi,(बार्सिलोना,2
ar-hi/hi,devtest,hi,"भाग्य""",2
ar-hi/hi,devtest,hi,मोंटजूइक,2
ar-hi/hi,devtest,hi,"""टोटल",2
ar-hi/hi,devtest,hi,"गश्त,",2
ar-hi/hi,devtest,hi,अल-अंसारी,2
ar-hi/hi,devtest,hi,"""प्रतिक्रिया",2
ar-hi/hi,devtest,hi,लापोर्टा,2
ar-hi/hi,devtest,hi,प्रतिनिधि),2
ar-hi/hi,devtest,hi,बैरो,2
ar-hi/hi,devtest,hi,एनर्जीज,2
ar-hi/hi,devtest,hi,सक्रियण,2
ar-hi/hi,devtest,hi,अलऊला,2
ar-hi/hi,devtest,hi,"एमथेथवा,",2
ar-hi/hi,devtest,hi,ईबर,1
ar-hi/hi,devtest,hi,(122),1
ar-hi/hi,devtest,hi,36.4%,1
ar-hi/hi,devtest,hi,1.05,1
ar-hi/hi,devtest,hi,छुपाया,1
ar-hi/hi,devtest,hi,अवधारण,1
ar-hi/hi,devtest,hi,"प्रिंटिंग,",1
ar-hi/hi,devtest,hi,"पैकेजिंग,",1
ar-hi/hi,devtest,hi,आंधियों,1
ar-hi/hi,devtest,hi,फीचर-सेट,1
ar-hi/hi,devtest,hi,(यूईएफए),1
ar-hi/hi,devtest,hi,सर्फ़र,1
ar-hi/hi,devtest,hi,$7.5,1
ar-hi/hi,devtest,hi,"कनेक्टिविटी""",1
ar-hi/hi,devtest,hi,नेटब्लॉक्स,1
ar-hi/hi,devtest,hi,"""7",1
ar-hi/hi,devtest,hi,सबकों,1
ar-hi/hi,devtest,hi,"उपेक्षा""",1
ar-hi/hi,devtest,hi,बहुलवाद,1
ar-hi/hi,devtest,hi,माराया,1
ar-hi/hi,devtest,hi,"न्यायसंगत,",1
ar-hi/hi,devtest,hi,यूके),1
ar-hi/hi,devtest,hi,कॉनफ्लैंस-सैंटे-हरमाइन,1
ar-hi/hi,devtest,hi,(सेंट-जर्मिन),1
ar-hi/hi,devtest,hi,15.39,1
ar-hi/hi,devtest,hi,कैराट,1
ar-hi/hi,devtest,hi,गोलरहित,1
ar-hi/hi,devtest,hi,शाहबाज़,1
ar-hi/hi,devtest,hi,"""नहीं""",1
ar-hi/hi,devtest,hi,$4.2,1
ar-hi/hi,devtest,hi,$2.2,1
ar-hi/hi,devtest,hi,$4.6,1
ar-hi/hi,devtest,hi,"50%,",1
ar-hi/hi,devtest,hi,1.25,1
ar-hi/hi,devtest,hi,केकेआर,1
ar-hi/hi,devtest,hi,देंगे;,1
ar-hi/hi,devtest,hi,"46,282.63",1
ar-hi/hi,devtest,hi,"खुला,",1
ar-hi/hi,devtest,hi,0.08%,1
ar-hi/hi,devtest,hi,"6,656.19",1
ar-hi/hi,devtest,hi,"समकक्षों,",1
ar-hi/hi,devtest,hi,"(यूएनआईएफआईएल),",1
ar-hi/hi,devtest,hi,1975-1990,1
ar-hi/hi,devtest,hi,"यूरो""",1
ar-hi/hi,devtest,hi,"""यद्यपि",1
ar-hi/hi,devtest,hi,"कहानियाँ""",1
ar-hi/hi,devtest,hi,"""मिथक""",1
ar-hi/hi,devtest,hi,0.3,1
ar-hi/hi,devtest,hi,(समाधान),1
ar-hi/hi,devtest,hi,इंटर्नशिप,1
ar-hi/hi,devtest,hi,$15,1
ar-hi/hi,devtest,hi,$17,1
ar-hi/hi,devtest,hi,पहुँचे,1
ar-hi/hi,devtest,hi,"एंटीऑक्सिडेंट,",1
ar-hi/hi,devtest,hi,"क्वेरसेटिन,",1
ar-hi/hi,devtest,hi,हाई-डेफिनिशन,1
ar-hi/hi,devtest,hi,360-डिग्री,1
ar-hi/hi,devtest,hi,प्रभावशीलता।,1
ar-hi/hi,devtest,hi,सुलझाना,1
ar-hi/hi,devtest,hi,उठाया:,1
ar-hi/hi,devtest,hi,"जीतेंगे।""",1
ar-hi/hi,devtest,hi,"लेगा।""",1
ar-hi/hi,devtest,hi,"""मोंटजूइक",1
ar-hi/hi,devtest,hi,"कंपैनिस""",1
ar-hi/hi,devtest,hi,"""जहाजों",1
ar-hi/hi,devtest,hi,साल),1
ar-hi/hi,devtest,hi,बल्ख,1
ar-hi/hi,devtest,hi,(उत्तर),1
ar-hi/hi,devtest,hi,"कमांडर,",1
ar-hi/hi,devtest,hi,कोंटे,1
ar-hi/hi,devtest,hi,52वें,1
ar-hi/hi,devtest,hi,थिबाउट,1
ar-hi/hi,devtest,hi,गोज़,1
ar-hi/hi,devtest,hi,लितानी,1
ar-hi/hi,devtest,hi,(इज़राइली,1
ar-hi/hi,devtest,hi,"*""द",1
ar-hi/hi,devtest,hi,कॉन्फ़िगरेशन,1
ar-hi/hi,devtest,hi,"($4,690)",1
ar-hi/hi,devtest,hi,एलबम,1
ar-hi/hi,devtest,hi,"बनाएं,",1
ar-hi/hi,devtest,hi,रखेंगी।,1
ar-hi/hi,devtest,hi,आत्म-प्रयोग,1
ar-hi/hi,devtest,hi,मैल्कम,1
ar-hi/hi,devtest,hi,बोर्डो,1
ar-hi/hi,devtest,hi,$620,1
ar-hi/hi,devtest,hi,कताई,1
ar-hi/hi,devtest,hi,776,1
ar-hi/hi,devtest,hi,फर्निशिंग,1
ar-hi/hi,devtest,hi,404,1
ar-hi/hi,devtest,hi,"प्रकाश,",1
ar-hi/hi,devtest,hi,"मार्क्विनहोस,",1
ar-hi/hi,devtest,hi,ह्विचा,1
ar-hi/hi,devtest,hi,"क्वारत्सखेलिया,",1
ar-hi/hi,devtest,hi,"डोवी,",1
ar-hi/hi,devtest,hi,"गोलकीपर),",1
ar-hi/hi,devtest,hi,गैबी,1
ar-hi/hi,devtest,hi,(लंबे,1
ar-hi/hi,devtest,hi,अनुपस्थित),1
ar-hi/hi,devtest,hi,खेलेंगे।,1
ar-hi/hi,devtest,hi,राज,1
ar-hi/hi,devtest,hi,छिड़ती,1
ar-hi/hi,devtest,hi,जरूरतें,1
ar-hi/hi,devtest,hi,"22,580.359",1
ar-hi/hi,devtest,hi,FODMAPs,1
ar-hi/hi,devtest,hi,पचाने,1
ar-hi/hi,devtest,hi,चिड़चिड़ा,1
ar-hi/hi,devtest,hi,(आईबीएस),1
ar-hi/hi,devtest,hi,"""प्रतिदिन",1
ar-hi/hi,devtest,hi,एम्बाप्पे,1
ar-hi/hi,devtest,hi,"""तर्कहीन""",1
ar-hi/hi,devtest,hi,समय-निर्धारण,1
ar-hi/hi,devtest,hi,अटलंता,1
ar-hi/hi,devtest,hi,बीते,1
ar-hi/hi,devtest,hi,14.2%,1
ar-hi/hi,devtest,hi,अघुलनशील,1
ar-hi/hi,devtest,hi,मल,1
ar-hi/hi,devtest,hi,"""पेक्टिन""",1
ar-hi/hi,devtest,hi,दिखे:,1
ar-hi/hi,devtest,hi,एमबीसी,1
ar-hi/hi,devtest,hi,जाहेज़,1
ar-hi/hi,devtest,hi,"एकजुटता,",1
ar-hi/hi,devtest,hi,न्यूफोर्ट्स,1
ar-hi/hi,devtest,hi,"""विंटर""",1
ar-hi/hi,devtest,hi,अल्माट,1
ar-hi/hi,devtest,hi,थिबॉट,1
ar-hi/hi,devtest,hi,"सतबायेव,",1
ar-hi/hi,devtest,hi,वालेरी,1
ar-hi/hi,devtest,hi,ग्रोमीको,1
ar-hi/hi,devtest,hi,माटा,1
ar-hi/hi,devtest,hi,69वें,1
ar-hi/hi,devtest,hi,(2025),1
ar-hi/hi,devtest,hi,राइट-बैक,1
ar-hi/hi,devtest,hi,एक-पर-एक,1
ar-hi/hi,devtest,hi,(एसएपीए),1
ar-hi/hi,devtest,hi,"जागरूकता""",1
ar-hi/hi,devtest,hi,"""अल-शर्क",1
ar-hi/hi,devtest,hi,"कार्गो,",1
ar-hi/hi,devtest,hi,2.19,1
ar-hi/hi,devtest,hi,प्रीवोट,1
ar-hi/hi,devtest,hi,कोच),1
ar-hi/hi,devtest,hi,"""अमेरिकन",1
ar-hi/hi,devtest,hi,"मार्क""",1
ar-hi/hi,devtest,hi,"""यूक्रेन",1
ar-hi/hi,devtest,hi,मोकेनस्टा,1
ar-hi/hi,devtest,hi,"हेरफेर,",1
ar-hi/hi,devtest,hi,Adobe,1
ar-hi/hi,devtest,hi,"""सहायक""",1
ar-hi/hi,devtest,hi,फ़ंक्शंस,1
ar-hi/hi,devtest,hi,"""नरक",1
ar-hi/hi,devtest,hi,"पहुंचाएगा,",1
ar-hi/hi,devtest,hi,दाग़ने,1
ar-hi/hi,devtest,hi,(लंबेगो),1
ar-hi/hi,devtest,hi,660,1
ar-hi/hi,devtest,hi,"उर्वरकों,",1
ar-hi/hi,devtest,hi,"जानता,",1
ar-ur/ar,dev,ar,جنينة,16
ar-ur/ar,dev,ar,سايكس,8
ar-ur/ar,dev,ar,بيكو,7
ar-ur/ar,dev,ar,"القوة""",6
ar-ur/ar,dev,ar,أوكسيدنتال,5
ar-ur/ar,dev,ar,"""إل.إن.جي",4
ar-ur/ar,dev,ar,"أوشن""",4
ar-ur/ar,dev,ar,والصغيرة,4
ar-ur/ar,dev,ar,عائمة,4
ar-ur/ar,dev,ar,مصابا,4
ar-ur/ar,dev,ar,ردها,4
ar-ur/ar,dev,ar,"""ريمات",4
ar-ur/ar,dev,ar,"للتنمية""",4
ar-ur/ar,dev,ar,"""صن",4
ar-ur/ar,dev,ar,"رايز""",4
ar-ur/ar,dev,ar,"""ماينور""",4
ar-ur/ar,dev,ar,القبرصي,4
ar-ur/ar,dev,ar,يؤخر,4
ar-ur/ar,dev,ar,"""ميد",3
ar-ur/ar,dev,ar,"""نيوز",3
ar-ur/ar,dev,ar,ومتناهية,3
ar-ur/ar,dev,ar,"""ويكيبيديا""",3
ar-ur/ar,dev,ar,سراي,3
ar-ur/ar,dev,ar,"التركي""",3
ar-ur/ar,dev,ar,بتروليوم,3
ar-ur/ar,dev,ar,العُماني,3
ar-ur/ar,dev,ar,أمهل,3
ar-ur/ar,dev,ar,المفاوضين,3
ar-ur/ar,dev,ar,العفالق،,3
ar-ur/ar,dev,ar,"""غطرسة",3
ar-ur/ar,dev,ar,"كندا""",3
ar-ur/ar,dev,ar,الموسوعة,3
ar-ur/ar,dev,ar,"""الريتينال""",3
ar-ur/ar,dev,ar,للبشرة,3
ar-ur/ar,dev,ar,ملحوظا،,3
ar-ur/ar,dev,ar,الصغر,3
ar-ur/ar,dev,ar,وأبوظبي,3
ar-ur/ar,dev,ar,درهم.,3
ar-ur/ar,dev,ar,الحجز،,3
ar-ur/ar,dev,ar,سيارةً,3
ar-ur/ar,dev,ar,أوسيمين,3
ar-ur/ar,dev,ar,إكسينوس,3
ar-ur/ar,dev,ar,"الأمد""",3
ar-ur/ar,dev,ar,المكتسبات,3
ar-ur/ar,dev,ar,الآجال,3
ar-ur/ar,dev,ar,شخصياً،,3
ar-ur/ar,dev,ar,مطحنة,3
ar-ur/ar,dev,ar,حائل,3
ar-ur/ar,dev,ar,كلنا,3
ar-ur/ar,dev,ar,المعاودة,3
ar-ur/ar,dev,ar,وشريحة,3
ar-ur/ar,dev,ar,فندقًا,3
ar-ur/ar,dev,ar,للانسحاب,3
ar-ur/ar,dev,ar,المشغلة,3
ar-ur/ar,dev,ar,بتروناس,2
ar-ur/ar,dev,ar,وأحجمت,2
ar-ur/ar,dev,ar,(إسرائيل,2
ar-ur/ar,dev,ar,وحماس).,2
ar-ur/ar,dev,ar,ماكدونالد,2
ar-ur/ar,dev,ar,السعد،,2
ar-ur/ar,dev,ar,الكورتيزول؛,2
ar-ur/ar,dev,ar,السيبرانية:,2
ar-ur/ar,dev,ar,"""إكس.أيه.أي""،",2
ar-ur/ar,dev,ar,معلنا,2
ar-ur/ar,dev,ar,23%,2
ar-ur/ar,dev,ar,"""أكتوبرفست""",2
ar-ur/ar,dev,ar,بمهرجان,2
ar-ur/ar,dev,ar,العدوى،,2
ar-ur/ar,dev,ar,تسيفيليوف،,2
ar-ur/ar,dev,ar,"""كيه.كيه.آر""،",2
ar-ur/ar,dev,ar,الوزارتان,2
ar-ur/ar,dev,ar,الصرففي,2
ar-ur/ar,dev,ar,الواعدة،,2
ar-ur/ar,dev,ar,يوميا،,2
ar-ur/ar,dev,ar,أرطاوي,2
ar-ur/ar,dev,ar,النازيين,2
ar-ur/ar,dev,ar,وملخصًا,2
ar-ur/ar,dev,ar,وداو,2
ar-ur/ar,dev,ar,ميد,2
ar-ur/ar,dev,ar,"""تحسنا",2
ar-ur/ar,dev,ar,"هائلا""",2
ar-ur/ar,dev,ar,للتحضير,2
ar-ur/ar,dev,ar,والإمبراطورية,2
ar-ur/ar,dev,ar,اليدين,2
ar-ur/ar,dev,ar,بكورونا,2
ar-ur/ar,dev,ar,أينتراخت,2
ar-ur/ar,dev,ar,1916،,2
ar-ur/ar,dev,ar,الفجيرة,2
ar-ur/ar,dev,ar,غللو,2
ar-ur/ar,dev,ar,"""محافظ",2
ar-ur/ar,dev,ar,"الاستحقاق""",2
ar-ur/ar,dev,ar,إيال,2
ar-ur/ar,dev,ar,زامير،,2
ar-ur/ar,dev,ar,بمقاتلي,2
ar-ur/ar,dev,ar,"أحرونوت"".",2
ar-ur/ar,dev,ar,متوقعةً,2
ar-ur/ar,dev,ar,الحجز.,2
ar-ur/ar,dev,ar,البلطيق،,2
ar-ur/ar,dev,ar,"""ميني",2
ar-ur/ar,dev,ar,كونتري,2
ar-ur/ar,dev,ar,مان,2
ar-ur/ar,dev,ar,لويكيبيديا,2
ar-ur/ar,dev,ar,واترلو:,2
ar-ur/ar,dev,ar,وسهلة,2
ar-ur/ar,dev,ar,بيكو،,2
ar-ur/ar,dev,ar,الربعي,2
ar-ur/ar,dev,ar,والتطلعات,2
ar-ur/ar,dev,ar,شرطيان,2
ar-ur/ar,dev,ar,إلكترون,2
ar-ur/ar,dev,ar,"بنك"".",2
ar-ur/ar,dev,ar,يلف,2
ar-ur/ar,dev,ar,مفوضا,2
ar-ur/ar,dev,ar,ماسك.,2
ar-ur/ar,dev,ar,"""الريتينول""",2
ar-ur/ar,dev,ar,نتلشير,2
ar-ur/ar,dev,ar,طرفين,2
ar-ur/ar,dev,ar,"""الكونغرس""",2
ar-ur/ar,dev,ar,سهماً,2
ar-ur/ar,dev,ar,بديلا,2
ar-ur/ar,dev,ar,النوويةالتي,2
ar-ur/ar,dev,ar,لوتنيك:,2
ar-ur/ar,dev,ar,1-صفر,2
ar-ur/ar,dev,ar,تعثره,2
ar-ur/ar,dev,ar,نقاط.,2
ar-ur/ar,dev,ar,"""قوة",2
ar-ur/ar,dev,ar,"مؤقتة""،",2
ar-ur/ar,dev,ar,وعضوية,2
ar-ur/ar,dev,ar,المتّحدة.,2
ar-ur/ar,dev,ar,"""كوفيد",2
ar-ur/ar,dev,ar,هاكانن,2
ar-ur/ar,dev,ar,إكس.أيه.أي،,2
ar-ur/ar,dev,ar,"""يسعى",2
ar-ur/ar,dev,ar,للحقيقة,2
ar-ur/ar,dev,ar,حد.,2
ar-ur/ar,dev,ar,وبعائد,2
ar-ur/ar,dev,ar,5.25,2
ar-ur/ar,dev,ar,الثانوي،,2
ar-ur/ar,dev,ar,ويكيبيديا،,2
ar-ur/ar,dev,ar,المرض،,2
ar-ur/ar,dev,ar,أدركا,2
ar-ur/ar,dev,ar,الامتلاء,2
ar-ur/ar,dev,ar,المناعة،,2
ar-ur/ar,dev,ar,أظهروا,2
ar-ur/ar,dev,ar,وانخفاضًا,2
ar-ur/ar,dev,ar,68،,2
ar-ur/ar,dev,ar,يجسّد,2
ar-ur/ar,dev,ar,احترازي.,2
ar-ur/ar,dev,ar,يفض,2
ar-ur/ar,dev,ar,جنيها،,2
ar-ur/ar,dev,ar,بطلتنا,2
ar-ur/ar,dev,ar,بالسكك,2
ar-ur/ar,dev,ar,مينيرفاجراخت,2
ar-ur/ar,dev,ar,الشقيلاب,2
ar-ur/ar,dev,ar,تحاصر,2
ar-ur/ar,dev,ar,مقتصرة,2
ar-ur/ar,dev,ar,أساهي,2
ar-ur/ar,dev,ar,بتزويد,2
ar-ur/ar,dev,ar,المُقاس,2
ar-ur/ar,dev,ar,بمشاكل,2
ar-ur/ar,dev,ar,عربية.,2
ar-ur/ar,dev,ar,تلقائي,2
ar-ur/ar,dev,ar,"ميتال""",2
ar-ur/ar,dev,ar,جاكسون,2
ar-ur/ar,dev,ar,الدقائق,2
ar-ur/ar,dev,ar,للخلف،,2
ar-ur/ar,dev,ar,للأعلاف,2
ar-ur/ar,dev,ar,الاتفاقيتان,2
ar-ur/ar,dev,ar,"القابضة""،",2
ar-ur/ar,dev,ar,تقلبًا,2
ar-ur/ar,dev,ar,فتمثلت,2
ar-ur/ar,dev,ar,دأب,2
ar-ur/ar,dev,ar,الفنلندي،,2
ar-ur/ar,dev,ar,ومعلمًا,2
ar-ur/ar,dev,ar,"""مدار",2
ar-ur/ar,dev,ar,"""أزهى",2
ar-ur/ar,dev,ar,"الحكمة""،",2
ar-ur/ar,dev,ar,"السخنة""،",2
ar-ur/ar,dev,ar,أداءها,2
ar-ur/ar,dev,ar,حضارة,2
ar-ur/ar,dev,ar,غارناتشو,2
ar-ur/ar,dev,ar,الأيمن،,2
ar-ur/ar,dev,ar,يوب,2
ar-ur/ar,dev,ar,والحرص,2
ar-ur/ar,dev,ar,"و""أزهى",2
ar-ur/ar,dev,ar,"""درع",2
ar-ur/ar,dev,ar,بترايوس,2
ar-ur/ar,dev,ar,خطي,2
ar-ur/ar,dev,ar,القاسية.,2
ar-ur/ar,dev,ar,بريمر,2
ar-ur/ar,dev,ar,الحارة.,2
ar-ur/ar,dev,ar,سلافيا,2
ar-ur/ar,dev,ar,ضعيفاً،,2
ar-ur/ar,dev,ar,والملخص,2
ar-ur/ar,dev,ar,تشليسي,2
ar-ur/ar,dev,ar,السرايا,2
ar-ur/ar,dev,ar,المرجة,2
ar-ur/ar,dev,ar,للدقيق,2
ar-ur/ar,dev,ar,أسبوعيا,2
ar-ur/ar,dev,ar,النقوش,2
ar-ur/ar,dev,ar,مهاجراني,2
ar-ur/ar,devtest,ar,التمهيدي,9
ar-ur/ar,devtest,ar,للأنشطة,8
ar-ur/ar,devtest,ar,أمهل,7
ar-ur/ar,devtest,ar,التوسعي,7
ar-ur/ar,devtest,ar,النفطية.,5
ar-ur/ar,devtest,ar,1.147,5
ar-ur/ar,devtest,ar,بيدري,5
ar-ur/ar,devtest,ar,كوكي,5
ar-ur/ar,devtest,ar,الجحيم,5
ar-ur/ar,devtest,ar,ومصيراً,5
ar-ur/ar,devtest,ar,قاتماً.,4
ar-ur/ar,devtest,ar,للرد،,4
ar-ur/ar,devtest,ar,تفعل،,4
ar-ur/ar,devtest,ar,فستقوم,4
ar-ur/ar,devtest,ar,"يلزم""،",4
ar-ur/ar,devtest,ar,1.313,4
ar-ur/ar,devtest,ar,والمدى,4
ar-ur/ar,devtest,ar,المتوسط؛,4
ar-ur/ar,devtest,ar,كونتي,4
ar-ur/ar,devtest,ar,أطرها,4
ar-ur/ar,devtest,ar,ينيبه,4
ar-ur/ar,devtest,ar,1147,4
ar-ur/ar,devtest,ar,المُعترفة,4
ar-ur/ar,devtest,ar,"إنرجيز""",4
ar-ur/ar,devtest,ar,بالضربة,4
ar-ur/ar,devtest,ar,(إسرائيل,3
ar-ur/ar,devtest,ar,وحماس).,3
ar-ur/ar,devtest,ar,مبابي،,3
ar-ur/ar,devtest,ar,"""لدى",3
ar-ur/ar,devtest,ar,وبعجز,3
ar-ur/ar,devtest,ar,"""جرين",3
ar-ur/ar,devtest,ar,"بيس""",3
ar-ur/ar,devtest,ar,1.294,3
ar-ur/ar,devtest,ar,مينديز,3
ar-ur/ar,devtest,ar,دانون،,3
ar-ur/ar,devtest,ar,ستنهي,3
ar-ur/ar,devtest,ar,وتستعيد,3
ar-ur/ar,devtest,ar,ستصعّد,3
ar-ur/ar,devtest,ar,الزوراء,3
ar-ur/ar,devtest,ar,للحل،,3
ar-ur/ar,devtest,ar,ماناكر,3
ar-ur/ar,devtest,ar,المسال،,3
ar-ur/ar,devtest,ar,1313,3
ar-ur/ar,devtest,ar,والموجّه,3
ar-ur/ar,devtest,ar,4.6%,3
ar-ur/ar,devtest,ar,ترحيبها,3
ar-ur/ar,devtest,ar,فيراتي,2
ar-ur/ar,devtest,ar,ترامببشأن,2
ar-ur/ar,devtest,ar,الشمري,2
ar-ur/ar,devtest,ar,ونصت,2
ar-ur/ar,devtest,ar,الجعيد،,2
ar-ur/ar,devtest,ar,والموجَّه,2
ar-ur/ar,devtest,ar,مثيثوا,2
ar-ur/ar,devtest,ar,وتشديد,2
ar-ur/ar,devtest,ar,ولكون,2
ar-ur/ar,devtest,ar,استباقي؛,2
ar-ur/ar,devtest,ar,بُعد.,2
ar-ur/ar,devtest,ar,مونتجويك،,2
ar-ur/ar,devtest,ar,بزميله,2
ar-ur/ar,devtest,ar,التدشين,2
ar-ur/ar,devtest,ar,والمائية،,2
ar-ur/ar,devtest,ar,والمعالجة,2
ar-ur/ar,devtest,ar,4.4%،,2
ar-ur/ar,devtest,ar,"والفصائل"".",2
ar-ur/ar,devtest,ar,"""منفتحة",2
ar-ur/ar,devtest,ar,ثوابتها,2
ar-ur/ar,devtest,ar,(فرنسا،,2
ar-ur/ar,devtest,ar,بوتر،,2
ar-ur/ar,devtest,ar,عصاه,2
ar-ur/ar,devtest,ar,ترامب،حركة,2
ar-ur/ar,devtest,ar,حماس4,2
ar-ur/ar,devtest,ar,قاتماً،,2
ar-ur/ar,devtest,ar,للتباحث,2
ar-ur/ar,devtest,ar,والسلوكيات,2
ar-ur/ar,devtest,ar,والصكوك,2
ar-ur/ar,devtest,ar,والقروض,2
ar-ur/ar,devtest,ar,مُتفق,2
ar-ur/ar,devtest,ar,مرايا,2
ar-ur/ar,devtest,ar,بارتوميو،,2
ar-ur/ar,devtest,ar,"""تنتظر",2
ar-ur/ar,devtest,ar,السلام..,2
ar-ur/ar,devtest,ar,وسلوكاً,2
ar-ur/ar,devtest,ar,"الحركة""،",2
ar-ur/ar,devtest,ar,دكتورة,2
ar-ur/ar,devtest,ar,1.25,2
ar-ur/ar,devtest,ar,طبيعيًا,2
ar-ur/ar,devtest,ar,"لـ""وزارة",2
ar-ur/ar,devtest,ar,1.419,2
ar-ur/ar,devtest,ar,لاقتصاديات,2
ar-ur/ar,devtest,ar,للغاز،,2
ar-ur/ar,devtest,ar,المدمر،,2
ar-ur/ar,devtest,ar,الماضيتين،,2
ar-ur/ar,devtest,ar,مطبق،,2
ar-ur/ar,devtest,ar,وتكراراً.,2
ar-ur/ar,devtest,ar,بيري،,2
ar-ur/ar,devtest,ar,فاعلًا,2
ar-ur/ar,devtest,ar,والطويل؛,2
ar-ur/ar,devtest,ar,ومحددات,2
ar-ur/ar,devtest,ar,1294,2
ar-ur/ar,devtest,ar,1419,2
ar-ur/ar,devtest,ar,"بـ""التافه",2
ar-ur/ar,devtest,ar,"الشكوى""",2
ar-ur/ar,devtest,ar,التحولي،,2
ar-ur/ar,devtest,ar,الكيرسيتين،,2
ar-ur/ar,devtest,ar,التأكسدي,2
ar-ur/ar,devtest,ar,لمحاولات,2
ar-ur/ar,devtest,ar,بديلا,2
ar-ur/ar,devtest,ar,تيبو,2
ar-ur/ar,devtest,ar,للتطورات,2
ar-ur/ar,devtest,ar,والحرص,2
ar-ur/ar,devtest,ar,"""الوقت",2
ar-ur/ar,devtest,ar,"للرد""،",2
ar-ur/ar,devtest,ar,وجهودها,2
ar-ur/ar,devtest,ar,ومواطنيها,2
ar-ur/ar,devtest,ar,إسرائيل)،,2
ar-ur/ar,devtest,ar,الصاع,2
ar-ur/ar,devtest,ar,بالخطة،,2
ar-ur/ar,devtest,ar,ومدعومة,2
ar-ur/ar,devtest,ar,معتبرة،,2
ar-ur/ar,devtest,ar,الطارئة.,2
ar-ur/ar,devtest,ar,توقعتوزارة,2
ar-ur/ar,devtest,ar,السعوديةأن,2
ar-ur/ar,devtest,ar,الجدعان,2
ar-ur/ar,devtest,ar,النزال,2
ar-ur/ar,devtest,ar,القاضية),2
ar-ur/ar,devtest,ar,القاضية).,2
ar-ur/ar,devtest,ar,والبناء.,2
ar-ur/ar,devtest,ar,موروثة,1
ar-ur/ar,devtest,ar,جد،,1
ar-ur/ar,devtest,ar,بالأعشاب,1
ar-ur/ar,devtest,ar,بممارسات,1
ar-ur/ar,devtest,ar,كالكي.,1
ar-ur/ar,devtest,ar,ويروي,1
ar-ur/ar,devtest,ar,"""قصصًا",1
ar-ur/ar,devtest,ar,"مبهرة""",1
ar-ur/ar,devtest,ar,استعصى,1
ar-ur/ar,devtest,ar,علاجهم,1
ar-ur/ar,devtest,ar,تعافوا,1
ar-ur/ar,devtest,ar,عشبية,1
ar-ur/ar,devtest,ar,"""أساطير""",1
ar-ur/ar,devtest,ar,يروّج,1
ar-ur/ar,devtest,ar,لضمه,1
ar-ur/ar,devtest,ar,لتشافي,1
ar-ur/ar,devtest,ar,"ديبورتيفو"".",1
ar-ur/ar,devtest,ar,ستقلص,1
ar-ur/ar,devtest,ar,جانبهم،,1
ar-ur/ar,devtest,ar,هاكيم,1
ar-ur/ar,devtest,ar,وتشاك,1
ar-ur/ar,devtest,ar,"""خلافات",1
ar-ur/ar,devtest,ar,باباً,1
ar-ur/ar,devtest,ar,للتفاهم,1
ar-ur/ar,devtest,ar,ونبه,1
ar-ur/ar,devtest,ar,والزيادات,1
ar-ur/ar,devtest,ar,نراها,1
ar-ur/ar,devtest,ar,بارو,1
ar-ur/ar,devtest,ar,"إنتر""",1
ar-ur/ar,devtest,ar,حتماً،,1
ar-ur/ar,devtest,ar,التنصل,1
ar-ur/ar,devtest,ar,وعليها,1
ar-ur/ar,devtest,ar,واقعية:,1
ar-ur/ar,devtest,ar,"خسرت""،",1
ar-ur/ar,devtest,ar,بغالبية,1
ar-ur/ar,devtest,ar,ويدين,1
ar-ur/ar,devtest,ar,لنجمه,1
ar-ur/ar,devtest,ar,"""هاتريك""،",1
ar-ur/ar,devtest,ar,كايرات،,1
ar-ur/ar,devtest,ar,ماستانتونو.,1
ar-ur/ar,devtest,ar,الخاصية،,1
ar-ur/ar,devtest,ar,9،,1
ar-ur/ar,devtest,ar,"""ابنِ",1
ar-ur/ar,devtest,ar,ألبوم,1
ar-ur/ar,devtest,ar,مُصنفًا,1
ar-ur/ar,devtest,ar,ومرفقًا,1
ar-ur/ar,devtest,ar,"التصوير.""",1
ar-ur/ar,devtest,ar,فريقان,1
ar-ur/ar,devtest,ar,بشخصية,1
ar-ur/ar,devtest,ar,المنافس.,1
ar-ur/ar,devtest,ar,سيخلق,1
ar-ur/ar,devtest,ar,التسرع.,1
ar-ur/ar,devtest,ar,منتقداً,1
ar-ur/ar,devtest,ar,أوضحوزير,1
ar-ur/ar,devtest,ar,عراقجيأن,1
ar-ur/ar,devtest,ar,مريرتين,1
ar-ur/ar,devtest,ar,عسكري.,1
ar-ur/ar,devtest,ar,الكلي.,1
ar-ur/ar,devtest,ar,كبيرٌ,1
ar-ur/ar,devtest,ar,نشهدُ,1
ar-ur/ar,devtest,ar,نهايةَ,1
ar-ur/ar,devtest,ar,الحربِ,1
ar-ur/ar,devtest,ar,أقطابٍ,1
ar-ur/ar,devtest,ar,رافضةٍ,1
ar-ur/ar,devtest,ar,حماسيةٍ,1
ar-ur/ar,devtest,ar,ونتنياهوية.,1
ar-ur/ar,devtest,ar,مصيراً,1
ar-ur/ar,devtest,ar,والمؤسس,1
ar-ur/ar,devtest,ar,انفتاحًا,1
ar-ur/ar,devtest,ar,وابتكارًا.,1
ar-ur/ar,devtest,ar,(6),1
ar-ur/ar,devtest,ar,نموالاقتصاد,1
ar-ur/ar,devtest,ar,السويسريخلال,1
ar-ur/ur,dev,ur,جنینا,13
ar-ur/ur,dev,ur,LNG,6
ar-ur/ur,dev,ur,گوئرنگ,5
ar-ur/ur,dev,ur,Lutnick,4
ar-ur/ur,dev,ur,رائز,4
ar-ur/ur,dev,ur,مائنر,4
ar-ur/ur,dev,ur,قبرصی,4
ar-ur/ur,dev,ur,Nike,3
ar-ur/ur,dev,ur,میکڈونلڈ,3
ar-ur/ur,dev,ur,ہائپرکورٹیسولزم,3
ar-ur/ur,dev,ur,السویدی,3
ar-ur/ur,dev,ur,BMW,3
ar-ur/ur,dev,ur,BHP,3
ar-ur/ur,dev,ur,سلطنت،,3
ar-ur/ur,dev,ur,سائیکس,3
ar-ur/ur,dev,ur,پیکوٹ,3
ar-ur/ur,dev,ur,Sykes-Picot,3
ar-ur/ur,dev,ur,الیکٹرون,3
ar-ur/ur,dev,ur,سیکس،,3
ar-ur/ur,dev,ur,اوسیمہن,3
ar-ur/ur,dev,ur,Exynos,3
ar-ur/ur,dev,ur,KKR,3
ar-ur/ur,dev,ur,ہاسپیٹلٹی,3
ar-ur/ur,dev,ur,50-50,3
ar-ur/ur,dev,ur,"""سرپلس",3
ar-ur/ur,dev,ur,"پاور""",3
ar-ur/ur,dev,ur,مرجہ,3
ar-ur/ur,dev,ur,Kpler,2
ar-ur/ur,dev,ur,پیٹروناس,2
ar-ur/ur,dev,ur,(اسرائیل,2
ar-ur/ur,dev,ur,حماس),2
ar-ur/ur,dev,ur,$3,2
ar-ur/ur,dev,ur,​​ہیڈ,2
ar-ur/ur,dev,ur,ہائپوکورٹیسولزم,2
ar-ur/ur,dev,ur,سیکریشن,2
ar-ur/ur,dev,ur,XAI,2
ar-ur/ur,dev,ur,GroWikpedia,2
ar-ur/ur,dev,ur,گالاتاسرے,2
ar-ur/ur,dev,ur,Oktoberfest,2
ar-ur/ur,dev,ur,KKR،,2
ar-ur/ur,dev,ur,"Ocean""",2
ar-ur/ur,dev,ur,الفالق,2
ar-ur/ur,dev,ur,"گھمنڈ""",2
ar-ur/ur,dev,ur,"تکبر""",2
ar-ur/ur,dev,ur,AIG,2
ar-ur/ur,dev,ur,"""ریٹنا""",2
ar-ur/ur,dev,ur,سمجھنا:,2
ar-ur/ur,dev,ur,سائیکس-پکوٹ,2
ar-ur/ur,dev,ur,فجیرہ,2
ar-ur/ur,dev,ur,"""ایسے",2
ar-ur/ur,dev,ur,Berkshire,2
ar-ur/ur,dev,ur,پلانے,2
ar-ur/ur,dev,ur,Adeer,2
ar-ur/ur,dev,ur,Estate,2
ar-ur/ur,dev,ur,ریٹینل,2
ar-ur/ur,dev,ur,نیتشیر,2
ar-ur/ur,dev,ur,2600,2
ar-ur/ur,dev,ur,MidOcean،,2
ar-ur/ur,dev,ur,11.6,2
ar-ur/ur,dev,ur,"COVID""",2
ar-ur/ur,dev,ur,Hakkanen,2
ar-ur/ur,dev,ur,XIA,2
ar-ur/ur,dev,ur,"تلاش""",2
ar-ur/ur,dev,ur,ٹِلی,2
ar-ur/ur,dev,ur,الرجی,2
ar-ur/ur,dev,ur,ہینکس,2
ar-ur/ur,dev,ur,اکازوا,2
ar-ur/ur,dev,ur,فائبرز,2
ar-ur/ur,dev,ur,"ریل""",2
ar-ur/ur,dev,ur,الشقیلاب,2
ar-ur/ur,dev,ur,بیریز,2
ar-ur/ur,dev,ur,Tsevilyov,2
ar-ur/ur,dev,ur,سرتسلیم,2
ar-ur/ur,dev,ur,جیکسن,2
ar-ur/ur,dev,ur,باسکٹ,2
ar-ur/ur,dev,ur,برطرفیوں,2
ar-ur/ur,dev,ur,گارناچو,2
ar-ur/ur,dev,ur,"""ازہ",2
ar-ur/ur,dev,ur,بریمر,2
ar-ur/ur,dev,ur,سلاویہ,2
ar-ur/ur,dev,ur,فلوٹیلا،,2
ar-ur/ur,dev,ur,آکازاوا,2
ar-ur/ur,dev,ur,سمری،,2
ar-ur/ur,dev,ur,2.19,2
ar-ur/ur,dev,ur,سرایا,2
ar-ur/ur,dev,ur,موہجرانی,2
ar-ur/ur,dev,ur,"""بلیئر",2
ar-ur/ur,dev,ur,"بڑھانا""",2
ar-ur/ur,dev,ur,ایگلز,2
ar-ur/ur,dev,ur,بیریاں,2
ar-ur/ur,dev,ur,گیسلر,2
ar-ur/ur,dev,ur,"""میچورٹی",2
ar-ur/ur,dev,ur,جارجی,2
ar-ur/ur,dev,ur,مامارداشویلی,2
ar-ur/ur,dev,ur,دیدی,2
ar-ur/ur,dev,ur,محراق,2
ar-ur/ur,dev,ur,27.8%,2
ar-ur/ur,dev,ur,Topmüller,2
ar-ur/ur,dev,ur,ایمسٹرڈیم,2
ar-ur/ur,dev,ur,نائکی,2
ar-ur/ur,dev,ur,IFR,2
ar-ur/ur,dev,ur,"""زلزلے""",1
ar-ur/ur,dev,ur,انتھونی،,1
ar-ur/ur,dev,ur,ہیریٹیج,1
ar-ur/ur,dev,ur,بازاری،,1
ar-ur/ur,dev,ur,1.72,1
ar-ur/ur,dev,ur,سلیٹ,1
ar-ur/ur,dev,ur,"""LNG",1
ar-ur/ur,dev,ur,"کینیڈا""",1
ar-ur/ur,dev,ur,(ستمبر),1
ar-ur/ur,dev,ur,"میڈیکل""",1
ar-ur/ur,dev,ur,سونگھنے,1
ar-ur/ur,dev,ur,"""عربسک""",1
ar-ur/ur,dev,ur,$11.7,1
ar-ur/ur,dev,ur,$727,1
ar-ur/ur,dev,ur,میڈیم،,1
ar-ur/ur,dev,ur,سمال,1
ar-ur/ur,dev,ur,چیئرپرسن،,1
ar-ur/ur,dev,ur,ہالہ,1
ar-ur/ur,dev,ur,میں)،,1
ar-ur/ur,dev,ur,(68%)،,1
ar-ur/ur,dev,ur,(9%)،,1
ar-ur/ur,dev,ur,ہائپو,1
ar-ur/ur,dev,ur,(23%),1
ar-ur/ur,dev,ur,(اندرونی,1
ar-ur/ur,dev,ur,ہائپوکورٹیسول,1
ar-ur/ur,dev,ur,$1.48,1
ar-ur/ur,dev,ur,*ایمریٹس,1
ar-ur/ur,dev,ur,ٹوڈے,1
ar-ur/ur,dev,ur,ایچ),1
ar-ur/ur,dev,ur,لیکیفیکشن۔,1
ar-ur/ur,dev,ur,8.6,1
ar-ur/ur,dev,ur,"""پرتشدد",1
ar-ur/ur,dev,ur,"جھٹکا""",1
ar-ur/ur,dev,ur,"""ڈرامے",1
ar-ur/ur,dev,ur,باب...,1
ar-ur/ur,dev,ur,تسویلیوف,1
ar-ur/ur,dev,ur,اوکسیڈنٹ,1
ar-ur/ur,dev,ur,آکسی,1
ar-ur/ur,dev,ur,کیم,1
ar-ur/ur,dev,ur,"""گائیڈ",1
ar-ur/ur,dev,ur,"انفیکشنز""",1
ar-ur/ur,dev,ur,آرامکو،,1
ar-ur/ur,dev,ur,"""Med",1
ar-ur/ur,dev,ur,"""Mid",1
ar-ur/ur,dev,ur,Lake,1
ar-ur/ur,dev,ur,Charles,1
ar-ur/ur,dev,ur,سٹیونز,1
ar-ur/ur,dev,ur,"""2003",1
ar-ur/ur,dev,ur,سعودی-عمانی,1
ar-ur/ur,dev,ur,49.25,1
ar-ur/ur,dev,ur,رومیلا,1
ar-ur/ur,dev,ur,Lotnick,1
ar-ur/ur,dev,ur,مخاصمت,1
ar-ur/ur,dev,ur,"""احمق""",1
ar-ur/ur,dev,ur,آبدوزیں,1
ar-ur/ur,dev,ur,گوئی،,1
ar-ur/ur,dev,ur,خلاصہ،,1
ar-ur/ur,dev,ur,500،,1
ar-ur/ur,dev,ur,ڈیک،,1
ar-ur/ur,dev,ur,چاہوں,1
ar-ur/ur,dev,ur,1861ء,1
ar-ur/ur,dev,ur,آئینوں,1
ar-ur/ur,dev,ur,1882,1
ar-ur/ur,dev,ur,(اسکول),1
ar-ur/ur,dev,ur,Psyotkes,1
ar-ur/ur,dev,ur,گری۔,1
ar-ur/ur,dev,ur,نیورمبرگ,1
ar-ur/ur,dev,ur,"""کمزوری",1
ar-ur/ur,dev,ur,ٹھہرائیں؟,1
ar-ur/ur,dev,ur,"1,571",1
ar-ur/ur,dev,ur,(NHTSA),1
ar-ur/ur,dev,ur,54،000,1
ar-ur/ur,dev,ur,​​منصوبے,1
ar-ur/ur,dev,ur,Mid,1
ar-ur/ur,dev,ur,Ocean,1
ar-ur/ur,dev,ur,(Petronas),1
ar-ur/ur,dev,ur,اٹھنا,1
ar-ur/ur,dev,ur,باندھنا,1
ar-ur/ur,dev,ur,ہاں...,1
ar-ur/ur,dev,ur,سلطنتیں,1
ar-ur/ur,dev,ur,عثمانیہ،,1
ar-ur/ur,dev,ur,آسٹرو,1
ar-ur/ur,dev,ur,87.6,1
ar-ur/ur,dev,ur,Anadarko,1
ar-ur/ur,dev,ur,جتوانے,1
ar-ur/ur,dev,ur,خارش,1
ar-ur/ur,dev,ur,کاراباغ,1
ar-ur/ur,dev,ur,​​کاراباخ,1
ar-ur/ur,dev,ur,شاک,1
ar-ur/ur,dev,ur,ڈینو,1
ar-ur/ur,dev,ur,ٹاپمولر,1
ar-ur/ur,dev,ur,"""کنگڈم",1
ar-ur/ur,dev,ur,تاریخی،,1
ar-ur/ur,dev,ur,فکری،,1
ar-ur/ur,dev,ur,36.1,1
ar-ur/ur,dev,ur,جوڑیں,1
ar-ur/ur,dev,ur,السیلا,1
ar-ur/ur,dev,ur,ڈھید،,1
ar-ur/ur,dev,ur,دبئی۔,1
ar-ur/ur,devtest,ur,1.147,5
ar-ur/ur,devtest,ur,"1,147",5
ar-ur/ur,devtest,ur,1.313,4
ar-ur/ur,devtest,ur,کونٹے,4
ar-ur/ur,devtest,ur,کھیپوں,4
ar-ur/ur,devtest,ur,آؤٹ),4
ar-ur/ur,devtest,ur,(اسرائیل,3
ar-ur/ur,devtest,ur,حماس),3
ar-ur/ur,devtest,ur,الولا,3
ar-ur/ur,devtest,ur,ہوابازی,3
ar-ur/ur,devtest,ur,پیڈری,3
ar-ur/ur,devtest,ur,1.294,3
ar-ur/ur,devtest,ur,مونٹجوک,3
ar-ur/ur,devtest,ur,ڈینن,3
ar-ur/ur,devtest,ur,​​دھمکیوں,3
ar-ur/ur,devtest,ur,"1,313",3
ar-ur/ur,devtest,ur,"جینز""",3
ar-ur/ur,devtest,ur,کیراٹ,2
ar-ur/ur,devtest,ur,الجعید,2
ar-ur/ur,devtest,ur,(PSG),2
ar-ur/ur,devtest,ur,مینڈس,2
ar-ur/ur,devtest,ur,الزوارہ,2
ar-ur/ur,devtest,ur,نمائندے),2
ar-ur/ur,devtest,ur,زیرصدارت,2
ar-ur/ur,devtest,ur,بارٹومیو,2
ar-ur/ur,devtest,ur,الزوراء,2
ar-ur/ur,devtest,ur,1.419,2
ar-ur/ur,devtest,ur,"1,294",2
ar-ur/ur,devtest,ur,2028۔,2
ar-ur/ur,devtest,ur,یوئیفا,2
ar-ur/ur,devtest,ur,"قسمت""",2
ar-ur/ur,devtest,ur,تھیباؤٹ,2
ar-ur/ur,devtest,ur,کورٹوئس,2
ar-ur/ur,devtest,ur,پوائنٹس،,2
ar-ur/ur,devtest,ur,الانصاری,2
ar-ur/ur,devtest,ur,"""جواب",2
ar-ur/ur,devtest,ur,لاپورٹا,2
ar-ur/ur,devtest,ur,"کہانیاں""",1
ar-ur/ur,devtest,ur,"""افسانے""",1
ar-ur/ur,devtest,ur,پھیلایا,1
ar-ur/ur,devtest,ur,جارجز,1
ar-ur/ur,devtest,ur,البم,1
ar-ur/ur,devtest,ur,(2025),1
ar-ur/ur,devtest,ur,الطیار,1
ar-ur/ur,devtest,ur,Carl,1
ar-ur/ur,devtest,ur,Pei,1
ar-ur/ur,devtest,ur,خطے،,1
ar-ur/ur,devtest,ur,ژاں,1
ar-ur/ur,devtest,ur,بارو,1
ar-ur/ur,devtest,ur,"($4,690)",1
ar-ur/ur,devtest,ur,میتھوا,1
ar-ur/ur,devtest,ur,بائیسویں,1
ar-ur/ur,devtest,ur,Koke,1
ar-ur/ur,devtest,ur,"""Luis",1
ar-ur/ur,devtest,ur,Companis,1
ar-ur/ur,devtest,ur,"Montjuïc""",1
ar-ur/ur,devtest,ur,مڈ,1
ar-ur/ur,devtest,ur,کیپٹلزم,1
ar-ur/ur,devtest,ur,Ben-Gvir،,1
ar-ur/ur,devtest,ur,"""یقینا،",1
ar-ur/ur,devtest,ur,"گے.""",1
ar-ur/ur,devtest,ur,$7.5,1
ar-ur/ur,devtest,ur,ترتیبات،,1
ar-ur/ur,devtest,ur,کی),1
ar-ur/ur,devtest,ur,(بارسلونا,1
ar-ur/ur,devtest,ur,کوچ),1
ar-ur/ur,devtest,ur,(UNIFIL)،,1
ar-ur/ur,devtest,ur,1975-1990,1
ar-ur/ur,devtest,ur,الرمانسیہ,1
ar-ur/ur,devtest,ur,(122),1
ar-ur/ur,devtest,ur,5.0,1
ar-ur/ur,devtest,ur,اینڈروئیڈ,1
ar-ur/ur,devtest,ur,LNG,1
ar-ur/ur,devtest,ur,'سپر'۔,1
ar-ur/ur,devtest,ur,المدت,1
ar-ur/ur,devtest,ur,شو،,1
ar-ur/ur,devtest,ur,بلخ,1
ar-ur/ur,devtest,ur,(شمال),1
ar-ur/ur,devtest,ur,اخندزادہ,1
ar-ur/ur,devtest,ur,14.2,1
ar-ur/ur,devtest,ur,32.9,1
ar-ur/ur,devtest,ur,27.9,1
ar-ur/ur,devtest,ur,"یورو""",1
ar-ur/ur,devtest,ur,"""روزانہ",1
ar-ur/ur,devtest,ur,36.4,1
ar-ur/ur,devtest,ur,1.05,1
ar-ur/ur,devtest,ur,مینیکر,1
ar-ur/ur,devtest,ur,Mokensta's,1
ar-ur/ur,devtest,ur,پروگراموں،,1
ar-ur/ur,devtest,ur,سبزہ,1
ar-ur/ur,devtest,ur,​​زائد,1
ar-ur/ur,devtest,ur,الطواری,1
ar-ur/ur,devtest,ur,"""کویت",1
ar-ur/ur,devtest,ur,کوانٹیکو،,1
ar-ur/ur,devtest,ur,"نہیں۔""",1
ar-ur/ur,devtest,ur,"میڈ""",1
ar-ur/ur,devtest,ur,"""نہیں""",1
ar-ur/ur,devtest,ur,"اضافہ۔""",1
ar-ur/ur,devtest,ur,کھیلی,1
ar-ur/ur,devtest,ur,"رابطے""",1
ar-ur/ur,devtest,ur,چھپایا,1
ar-ur/ur,devtest,ur,برقراری,1
ar-ur/ur,devtest,ur,ہارا,1
ar-ur/ur,devtest,ur,"ڈیفنس""",1
ar-ur/ur,devtest,ur,"اخلاقی""",1
ar-ur/ur,devtest,ur,ایڈجسٹمنٹ،,1
ar-ur/ur,devtest,ur,تکثیریت,1
ar-ur/ur,devtest,ur,"84,000",1
ar-ur/ur,devtest,ur,"مارک""",1
ar-ur/ur,devtest,ur,"میراث""",1
ar-ur/ur,devtest,ur,cauterization,1
ar-ur/ur,devtest,ur,"""turbination""",1
ar-ur/ur,devtest,ur,وقت۔,1
ar-ur/ur,devtest,ur,KKR,1
ar-ur/ur,devtest,ur,1.25,1
ar-ur/ur,devtest,ur,کنفیگریشنز,1
ar-ur/ur,devtest,ur,34.3,1
ar-ur/ur,devtest,ur,خریدی،,1
ar-ur/ur,devtest,ur,21.2,1
ar-ur/ur,devtest,ur,گردوغبار,1
ar-ur/ur,devtest,ur,کھمبے,1
ar-ur/ur,devtest,ur,​​مقابلوں,1
ar-ur/ur,devtest,ur,یکجہتی،,1
ar-ur/ur,devtest,ur,السواہا,1
ar-ur/ur,devtest,ur,"وزارت""",1
ar-ur/ur,devtest,ur,نبھانے,1
ar-ur/ur,devtest,ur,7.60,1
ar-ur/ur,devtest,ur,پارٹنر،,1
ar-ur/ur,devtest,ur,"""ٹوٹل",1
ar-ur/ur,devtest,ur,"انرجی،""",1
ar-ur/ur,devtest,ur,"""سیوی،""",1
ar-ur/ur,devtest,ur,"""نیچرجی""",1
ar-ur/ur,devtest,ur,$1.45,1
ar-ur/ur,devtest,ur,$1.25,1
ar-ur/ur,devtest,ur,مالابسورپشن,1
ar-ur/ur,devtest,ur,کائلان,1
ar-ur/ur,devtest,ur,مرایا,1
ar-ur/ur,devtest,ur,تقریب،,1
ar-ur/ur,devtest,ur,Prevo,1
ar-ur/ur,devtest,ur,(2015),1
ar-ur/ur,devtest,ur,"22,580.359",1
ar-ur/ur,devtest,ur,83,1
ar-ur/ur,devtest,ur,93ویں,1
ar-ur/ur,devtest,ur,ورڈ,1
ar-ur/ur,devtest,ur,"""متحد",1
ar-ur/ur,devtest,ur,"حکومت""",1
ar-ur/ur,devtest,ur,"اظہار""",1
ar-ur/ur,devtest,ur,لپٹا,1
ar-ur/ur,devtest,ur,لڑیں,1
ar-ur/ur,devtest,ur,"""الشرق",1
ar-ur/ur,devtest,ur,ڈجک,1
ar-ur/ur,devtest,ur,وجنلڈم,1
ar-ur/ur,devtest,ur,ڈرائبلنگ,1
ar-ur/ur,devtest,ur,مینڈیس,1
ar-ur/ur,devtest,ur,ایڈوب,1
ar-ur/ur,devtest,ur,"""معاون""",1
ar-ur/ur,devtest,ur,اسپیچ,1
ar-ur/ur,devtest,ur,کنورژن۔,1
ar-ur/ur,devtest,ur,61.8,1
ar-ur/ur,devtest,ur,الصحولہ,1
ar-ur/ur,devtest,ur,"""لوک",1
ar-ur/ur,devtest,ur,"""مریم",1
ar-ur/ur,devtest,ur,"ہتھیلی""،",1
ar-ur/ur,devtest,ur,بانجھ,1
ar-ur/ur,devtest,ur,زرخیزی,1
ar-ur/ur,devtest,ur,"""لیکوریس""،",1
ar-ur/ur,devtest,ur,موزوں؛,1
ar-ur/ur,devtest,ur,"""گھاس",1
ar-ur/ur,devtest,ur,"کاٹنا،""",1
ar-ur/ur,devtest,ur,موثر۔,1
ar-ur/ur,devtest,ur,"""UNIFIL",1
ar-ur/ur,devtest,ur,"""پیکٹین""",1
ar-ur/ur,devtest,ur,quercetin,1
ar-ur/ur,devtest,ur,چھلکے,1
ar-ur/ur,devtest,ur,کُل,1
ar-ur/ur,devtest,ur,گلر،,1
ar-ur/ur,devtest,ur,(ملکی,1
ar-ur/ur,devtest,ur,نکوسیناتھی,1
ar-ur/ur,devtest,ur,میتھوا،,1
ar-ur/ur,devtest,ur,22ویں,1
ar-ur/ur,devtest,ur,گوا,1
ar-ur/ur,devtest,ur,استغلال,1
ar-ur/ur,devtest,ur,تقریباً:,1
ar-ur/ur,devtest,ur,20.6,1
ar-ur/ur,devtest,ur,کاربوہائیڈریٹس,1
ar-ur/ur,devtest,ur,2.38,1
ar-ur/ur,devtest,ur,کاوش,1
ar-ur/ur,devtest,ur,المت,1
ar-ur/ur,devtest,ur,ستبائیف،,1
ar-ur/ur,devtest,ur,ویلری,1
ar-ur/ur,devtest,ur,گرومائکو،,1
ar-ur/ur,devtest,ur,ماٹا,1
ar-ur/ur,devtest,ur,69ویں,1
ar-ur/ur,devtest,ur,سیبالوس,1
ar-ur/ur,devtest,ur,میتھیوا،,1
ar-ur/ur,devtest,ur,ٹھکرا,1
ar-ur/ur,devtest,ur,جانتا۔,1
ar-ur/ur,devtest,ur,ایکٹیویشن,1
ar-ur/ur,devtest,ur,2.19,1
ar-ur/ur,devtest,ur,ٹینکرز،,1
